bf_id,full_date,latitude,longitude,season,temperature_f,dew_point,cloud_cover,moon_phase
76,2001-08-11,36.37139,-92.25139,Summer,80.0,69.1,33.0,0.73
77,1983-09-01,46.98333,-121.0922,Fall,53.3,45.6,68.0,0.8
85,2000-06-08,45.03255,-122.4808,Spring,53.6,49.6,98.0,0.23
96,1978-06-25,43.7827,-123.9599,Summer,58.6,52.1,83.0,0.68
97,1992-10-01,41.72278,-120.3292,Winter,58.3,32.0,18.0,0.19
102,2000-08-19,45.7351,-123.466,Summer,47.1,48.6,77.0,0.65
113,1975-10-01,37.44208,-95.35479,Fall,48.7,42.1,21.0,0.87
115,1976-08-15,30.98555,-85.6489,Summer,83.8,72.0,22.0,0.68
140,1996-08-24,38.48959,-107.7,Summer,68.2,47.6,1.0,0.35
147,2000-06-15,38.93333,-119.9833,Summer,64.9,45.0,0.0,0.46
177,1988-10-19,39.64175,-111.2186,Fall,48.9,28.8,0.0,0.3
179,1981-09-15,32.31435,-85.16235,Fall,78.5,69.3,71.0,0.55
186,2001-08-11,34.55056,-92.34083,Fall,82.1,73.4,82.0,0.73
187,2000-07-22,45.40023,-122.2777,Summer,60.7,56.0,94.0,0.7
191,1984-07-31,45.63606,-123.3471,Summer,63.3,55.7,38.0,0.12
245,1999-07-15,33.28375,-87.32655,Summer,78.4,70.5,38.0,0.1
257,2000-09-01,39.9784,-84.1735,Summer,77.9,71.0,48.0,0.12
273,1994-09-15,33.7065,-85.57415,Fall,76.6,63.6,25.0,0.36
283,1992-08-29,47.5616,-123.1967,Summer,56.0,43.8,0.0,0.06
317,1990-04-15,36.8207,-88.41175,Spring,48.2,43.4,74.0,0.67
348,2000-08-20,37.57915,-105.4979,Summer,48.1,42.2,16.0,0.68
353,2000-09-23,38.9575,-120.0914,Fall,44.1,31.4,33.0,0.85
369,2006-05-31,41.16,-123.9,Summer,59.0,50.5,47.0,0.15
378,2000-07-11,39.58157,-82.36887,Summer,70.9,68.3,55.00000000000001,0.35
391,1999-05-12,47.79111,-122.1914,Spring,46.7,42.4,99.0,0.9
412,1995-07-05,43.94225,-121.3815,Summer,64.8,39.7,6.0,0.25
415,1981-10-15,35.5035,-89.91499,Fall,73.0,60.9,94.0,0.58
416,1983-11-15,34.95605,-86.4559,Winter,48.3,43.8,96.0,0.34
446,2000-09-22,30.2333,-81.52915,Summer,78.7,76.8,33.0,0.81
450,2000-09-09,35.8934,-81.98335,Fall,66.1,61.5,30.0,0.37
451,1993-08-20,34.9263,-87.02025,Summer,81.6,74.2,57.99999999999999,0.11
470,2000-08-23,39.1084,-107.0153,Summer,53.1,41.8,28.000000000000004,0.79
496,1977-08-15,37.8597,-91.432,Summer,81.9,69.8,20.0,0.02
502,2000-06-17,39.01917,-120.8275,Summer,76.6,40.3,0.0,0.53
528,1957-06-01,40.80222,-124.1625,Summer,55.2,50.5,18.0,0.12
529,2000-09-21,39.2026,-106.1143,Summer,44.0,32.4,68.0,0.78
548,2000-10-30,45.06215,-123.7027,Fall,48.3,41.8,0.0,0.12
568,1990-09-22,46.71,-122.3442,Fall,65.5,49.0,6.0,0.12
594,1980-07-15,26.08285,-80.21025,Summer,83.7,75.0,90.0,0.11
598,2000-10-28,29.01175,-82.03495,Winter,69.8,54.5,0.0,0.05
606,1986-08-15,30.05705,-81.75165,Unknown,81.5,72.6,54.0,0.35
638,2003-12-15,33.24722,-95.77,Summer,54.9,46.3,38.0,0.72
690,1998-08-02,45.5891,-123.5469,Summer,69.0,55.3,2.0,0.32
694,1991-07-15,45.3233,-118.2742,Summer,57.0,40.6,0.0,0.15
702,1997-11-10,45.59669,-123.3768,Fall,44.5,37.7,49.0,0.36
717,1981-08-01,36.63621,-93.31413,Summer,78.6,68.8,45.0,0.06
729,1997-07-25,29.19395,-81.9233,Summer,83.0,72.3,10.0,0.7
730,1996-09-15,30.51295,-86.5065,Fall,81.5,70.2,59.0,0.08
733,1998-11-22,27.97255,-81.12476,Winter,75.0,69.6,83.0,0.11
737,1984-06-15,28.3836,-82.6053,Summer,81.9,70.8,52.0,0.57
747,1999-10-15,28.9935,-80.933,Fall,77.0,72.4,86.0,0.19
751,2000-04-21,48.25422,-101.3166,Spring,59.0,31.0,34.0,0.6
810,1997-11-15,43.74,-84.58583,Fall,22.5,25.4,98.0,0.54
815,1987-08-15,43.26806,-82.53083,Summer,82.0,71.2,43.0,0.72
819,1999-09-11,38.8922,-105.1058,Fall,47.3,43.0,57.99999999999999,0.07
878,1989-08-15,40.15002,-83.02854,Summer,74.0,63.1,62.0,0.44
880,1998-09-28,39.21338,-105.0652,Fall,60.8,33.0,36.0,0.25
913,2000-07-01,38.93,-120.205,Summer,51.3,30.6,0.0,0.0
928,1977-05-22,47.4644,-120.6705,Spring,59.2,30.8,50.0,0.14
933,1989-06-14,45.8581,-122.4089,Summer,56.2,56.9,100.0,0.35
938,1991-09-15,46.37944,-117.9458,Fall,63.6,35.8,7.000000000000001,0.25
942,1996-04-14,47.7442,-122.8994,Spring,57.5,37.6,28.000000000000004,0.89
956,1982-11-26,47.425,-121.4142,Winter,22.4,15.6,67.0,0.35
959,1997-10-15,47.2475,-123.8886,Fall,60.9,54.6,62.0,0.49
980,2001-03-05,45.84175,-117.991,Fall,30.1,31.0,54.0,0.36
989,1982-01-15,30.84015,-86.9648,Winter,47.4,29.7,41.0,0.71
1043,1950-05-01,45.75056,-121.6508,Spring,40.3,40.3,85.0,0.48
1065,2001-03-20,45.99215,-118.0811,Spring,38.8,30.0,0.0,0.87
1077,1995-04-17,47.8925,-122.0111,Spring,47.7,39.1,96.0,0.58
1079,1981-10-15,28.662,-81.31985,Fall,68.5,65.9,30.0,0.58
1105,1997-11-07,45.5,-91.71295,Fall,36.4,34.8,100.0,0.25
1106,2001-01-04,47.9261,-123.3769,Fall,28.7,27.2,99.0,0.32
1109,2000-07-15,47.29833,-120.3,Summer,60.7,40.5,0.0,0.48
1115,1954-06-30,38.441,-91.6284,Unknown,82.5,63.9,44.0,0.01
1116,1998-11-20,38.46253,-93.91737,Fall,42.4,31.4,21.0,0.05
1117,2000-12-28,41.72134,-80.88494,Winter,17.1,12.0,100.0,0.09
1118,1997-06-15,39.8397,-91.6533,Spring,73.0,62.1,94.0,0.33
1131,2000-12-01,47.0413,-124.053,Winter,46.4,42.9,97.0,0.18
1150,2000-05-31,37.8602,-90.0329,Spring,77.6,60.4,0.0,0.93
1160,1997-01-01,47.14472,-120.7967,Winter,41.2,33.6,89.0,0.74
1201,1978-12-01,39.52122,-80.37878,Winter,42.9,22.7,18.0,0.05
1202,1999-04-20,39.54114,-80.11329,Spring,47.6,39.3,78.0,0.17
1205,1998-01-28,38.87813,-79.3434,Winter,31.9,32.0,100.0,0.01
1206,1997-09-23,38.95242,-79.42547,Fall,50.3,49.7,96.0,0.75
1224,2000-07-15,44.96651,-123.7718,Summer,46.0,44.2,0.0,0.48
1242,2000-07-14,44.48134,-109.5113,Summer,82.4,31.3,0.0,0.44
1263,2001-01-16,46.03333,-117.9486,Winter,21.3,22.1,100.0,0.76
1265,2001-01-04,38.53187,-82.7989,Winter,29.0,22.9,94.0,0.31
1271,2000-02-15,41.62183,-93.63804,Winter,38.5,27.7,47.0,0.36
1274,1997-08-09,42.50817,-96.40213,Summer,67.9,63.1,46.0,0.2
1275,1980-04-15,28.6901,-81.5446,Spring,63.5,47.9,12.0,0.03
1296,1997-09-28,35.70166,-95.70208,Fall,61.7,57.4,15.0,0.91
1298,1997-07-07,35.74111,-97.479,Summer,78.8,67.7,45.0,0.09
1305,1992-03-01,34.9575,-98.31556,Spring,60.9,40.3,43.0,0.91
1311,1980-07-20,39.1489,-96.9614,Summer,85.7,63.1,68.0,0.26
1313,1987-11-15,32.7817,-93.9467,Fall,66.7,62.6,98.0,0.81
1314,1998-10-15,38.6234,-94.6837,Fall,69.9,60.0,5.0,0.85
1315,2001-01-18,39.1463,-96.8223,Unknown,25.0,22.3,48.0,0.82
1327,1998-05-24,37.7715,-97.424,Unknown,72.0,57.1,42.0,0.96
1338,1973-01-01,31.1603,-90.71574,Winter,43.9,37.6,95.0,0.91
1344,1978-08-06,33.50025,-88.40335,Unknown,77.7,67.8,60.0,0.08
1354,1997-09-02,39.42923,-104.9677,Fall,63.5,58.6,95.0,0.02
1355,2000-03-21,39.6632,-106.8085,Spring,36.0,20.7,25.0,0.56
1361,1998-04-14,38.54166,-104.9908,Spring,38.6,31.6,69.0,0.59
1369,1998-09-04,39.40305,-105.8226,Summer,56.8,32.0,0.0,0.43
1382,1984-10-17,47.2831,-121.9258,Fall,42.6,35.5,75.0,0.75
1383,1973-04-18,47.29944,-122.1806,Spring,44.1,37.6,97.0,0.54
1384,1970-05-13,47.5225,-121.7569,Summer,52.1,39.6,57.99999999999999,0.26
1386,1998-05-18,47.3958,-121.5356,Spring,47.7,31.6,85.0,0.74
1394,1997-07-05,47.25722,-120.8908,Summer,62.8,46.1,51.0,0.04
1407,1991-06-15,29.4179,-82.55556,Summer,79.8,70.7,48.0,0.12
1438,2000-10-28,46.93333,-121.2692,Winter,34.7,32.1,79.0,0.05
1446,1974-10-01,45.5666,-121.7745,Fall,58.5,40.7,49.0,0.51
1450,1999-09-13,42.32724,-76.75318,Fall,68.2,52.9,31.0,0.13
1458,2000-04-05,31.6825,-92.3104,Spring,61.5,43.0,0.0,0.03
1459,1978-07-15,31.3799,-92.37835,Unknown,84.7,67.3,79.0,0.33
1462,2000-06-13,46.87139,-121.2981,Summer,50.2,44.2,100.0,0.4
1478,1996-02-17,47.4317,-121.7731,Summer,50.4,48.5,100.0,0.96
1480,1996-10-15,29.08405,-81.59005,Fall,74.8,62.4,11.0,0.1
1501,1977-11-15,32.8057,-92.40895,Fall,66.7,50.0,55.00000000000001,0.17
1529,2000-09-20,48.0028,-121.9572,Fall,55.2,54.0,89.0,0.74
1536,2000-11-18,31.6825,-92.3104,Fall,38.4,37.1,95.0,0.75
1537,1996-12-06,31.4871,-92.3309,Winter,66.8,59.4,51.0,0.86
1554,2000-06-14,40.59604,-93.77783,Summer,65.2,58.8,75.0,0.43
1568,1993-10-15,47.27667,-122.8858,Fall,52.6,51.5,99.0,0.01
1584,2000-03-13,47.00444,-122.5386,Winter,50.5,41.7,94.0,0.27
1589,1979-11-16,47.05472,-121.8211,Winter,29.5,26.0,54.0,0.9
1591,1996-01-01,47.3724,-122.5819,Winter,48.9,44.4,99.0,0.38
1594,1997-11-28,47.01278,-121.4642,Fall,30.0,28.5,98.0,0.95
1595,1979-12-07,47.3704,-122.782,Winter,45.9,43.7,95.0,0.64
1617,1986-08-09,48.36861,-122.2778,Summer,55.7,55.2,8.0,0.13
1630,1977-08-01,43.17215,-92.76577,Fall,73.0,55.0,18.0,0.58
1631,1978-10-28,33.37917,-94.11611,Fall,59.2,44.0,0.0,0.89
1633,1997-07-15,33.18528,-94.25556,Summer,76.8,72.6,15.0,0.34
1637,1995-05-15,36.33528,-92.385,Spring,74.2,58.8,44.0,0.53
1649,1989-07-13,47.03222,-114.0906,Summer,65.7,59.1,57.99999999999999,0.33
1669,1998-08-28,47.8895,-121.8134,Summer,63.4,51.8,23.0,0.21
1670,1958-05-14,48.2475,-121.9425,Unknown,62.6,43.5,69.0,0.87
1671,1980-01-11,48.11556,-122.0958,Unknown,38.0,30.0,100.0,0.79
1673,1988-07-13,47.9817,-122.0447,Unknown,59.8,53.9,98.0,0.01
1674,2000-02-06,47.7853,-121.6647,Winter,45.0,42.4,60.0,0.04
1684,1976-06-16,48.78056,-122.1483,Summer,49.9,50.8,82.0,0.66
1685,1996-08-16,46.9974,-122.1694,Unknown,59.3,53.3,73.0,0.07
1687,1997-10-25,46.97944,-121.0939,Unknown,43.9,30.4,44.0,0.83
1691,1961-12-28,47.92528,-117.1153,Winter,22.5,19.1,100.0,0.71
1749,1977-08-27,48.8178,-122.1656,Summer,62.0,51.6,79.0,0.46
1750,1993-09-15,39.92104,-83.95184,Summer,60.0,56.5,86.0,0.98
1755,2000-10-15,39.86096,-83.96562,Fall,62.3,51.5,83.0,0.58
1757,1988-12-15,46.05292,-112.571,Winter,7.4,0.2,19.0,0.23
1768,1988-11-01,37.53434,-79.49707,Fall,42.6,33.9,56.00000000000001,0.76
1783,1985-08-15,32.4456,-86.5653,Unknown,80.5,71.6,70.0,0.97
1811,1977-09-15,43.59611,-84.42722,Fall,58.5,48.8,66.0,0.08
1815,2000-05-15,47.1608,-121.6594,Spring,56.3,41.9,52.0,0.42
1829,2000-10-15,45.48204,-122.9903,Fall,53.5,43.7,61.0,0.58
1830,1975-08-25,34.1288,-86.68,Summer,85.3,72.5,26.0,0.62
1831,1994-09-15,26.28585,-80.17845,Fall,84.0,75.8,86.0,0.36
1841,1994-09-10,47.41,-121.725,Summer,55.0,50.8,80.0,0.18
1850,1983-01-15,38.33885,-82.89059,Winter,27.9,23.6,100.0,0.05
1851,2001-02-24,40.77789,-81.25768,Winter,39.8,20.5,67.0,0.04
1864,1993-11-03,34.28745,-84.59345,Winter,55.1,38.4,84.0,0.63
1865,1999-05-08,34.0474,-84.68864,Spring,66.8,51.4,21.0,0.75
1917,2000-03-06,46.0675,-118.0519,Winter,30.5,28.5,93.0,0.02
1918,2001-08-06,33.27735,-105.7395,Summer,69.8,41.4,7.000000000000001,0.58
1939,1965-10-01,34.6894,-77.2914,Fall,75.6,68.9,90.0,0.22
1975,2001-01-10,43.28556,-71.46778,Winter,14.8,1.8,12.0,0.53
1986,2001-03-18,44.97487,-122.3057,Winter,39.1,43.6,96.0,0.81
1996,2004-10-16,47.2842,-121.0777,Summer,49.9,46.9,98.0,0.09
2036,1988-06-01,37.07354,-93.13545,Summer,69.3,61.2,86.0,0.54
2041,2001-03-26,35.92806,-94.83,Summer,41.5,15.3,10.0,0.05
2054,2000-12-19,35.36,-82.4831,Winter,20.9,19.8,99.0,0.81
2070,2004-10-17,47.35305,-120.2955,Winter,44.7,44.8,88.0,0.13
2093,1999-05-20,34.1226,-84.7038,Spring,66.8,51.5,2.0,0.19
2094,1999-06-16,34.1088,-84.6971,Spring,73.2,69.0,98.0,0.11
2102,1997-09-13,45.75449,-123.866,Summer,63.4,53.2,49.0,0.39
2159,1976-10-01,32.58125,-94.86958,Fall,73.8,57.6,0.0,0.29
2195,2001-03-11,46.03944,-118.0711,Spring,40.7,33.0,17.0,0.58
2196,2001-03-08,46.0675,-118.0519,Spring,35.5,38.7,84.0,0.47
2215,2000-03-28,44.6543,-90.0411,Spring,35.6,25.8,100.0,0.77
2216,2000-07-20,44.49817,-109.6429,Summer,61.2,42.5,4.0,0.63
2220,2000-08-30,32.0538,-85.0409,Summer,80.7,66.6,40.0,0.05
2255,2001-03-30,41.48722,-120.5414,Spring,42.8,29.2,1.0,0.19
2271,2005-12-11,40.478,-74.4611,Fall,32.7,23.0,41.0,0.37
2281,1997-03-29,37.29854,-80.82856,Spring,55.2,46.1,38.0,0.68
2285,1984-04-08,37.22647,-81.09017,Spring,50.8,28.2,76.0,0.24
2286,1998-07-24,37.1694,-76.77447,Summer,80.3,69.6,80.0,0.04
2332,1999-08-01,39.95329,-81.39827,Summer,75.0,63.9,88.0,0.64
2363,1993-01-20,36.9372,-88.9949,Winter,49.2,41.8,100.0,0.94
2364,1958-12-31,36.7999,-83.66641,Unknown,47.0,37.3,100.0,0.69
2376,2001-09-08,30.38345,-88.72985,Fall,78.3,74.2,41.0,0.68
2386,2000-04-04,36.4075,-94.92667,Spring,51.7,25.4,0.0,0.01
2398,1978-06-30,32.4125,-94.81806,Unknown,85.6,71.7,28.999999999999996,0.85
2429,1986-07-01,37.2731,-83.49205,Summer,76.9,71.1,100.0,0.83
2435,1994-10-15,37.26532,-82.69576,Fall,60.4,44.0,13.0,0.38
2450,1978-06-01,39.78594,-82.29162,Summer,75.2,60.0,37.0,0.87
2494,2001-08-11,34.787,-91.735,Fall,82.9,74.4,81.0,0.73
2566,1985-09-29,29.77535,-82.3657,Fall,77.0,68.2,35.0,0.52
2635,2000-11-27,36.25639,-94.07806,Fall,41.1,28.6,0.0,0.06
2750,2004-04-23,40.7446,-74.6215,Summer,52.1,50.0,90.0,0.13
2774,1988-01-10,36.12083,-90.51056,Winter,15.0,7.8,16.0,0.7
2786,2001-06-15,38.46118,-82.07358,Summer,79.4,71.6,28.999999999999996,0.8
2788,1997-12-30,36.02306,-97.1225,Winter,38.6,28.5,24.0,0.03
2789,1977-07-15,35.00278,-95.34111,Summer,83.2,70.9,53.0,0.97
2797,1999-02-18,45.43522,-88.12464,Winter,11.1,7.6,100.0,0.09
2804,1992-11-19,45.33418,-88.16359,Fall,35.3,23.7,40.0,0.83
2841,2001-03-17,42.07,-124.3,Winter,49.9,45.8,100.0,0.78
2850,1995-02-15,40.74065,-81.35575,Winter,37.4,27.4,100.0,0.49
2863,1997-11-29,45.78177,-90.51659,Fall,28.6,27.5,74.0,0.98
2900,2001-06-04,42.08,-124.3,Spring,52.1,46.0,37.0,0.46
2902,1998-05-24,41.2625,-84.38103,Spring,62.7,52.3,70.0,0.96
2917,1995-05-15,55.1872,-132.7982,Spring,48.6,42.2,95.0,0.54
2931,2001-07-29,33.82111,-92.03389,Summer,85.3,75.2,15.0,0.33
2953,2001-08-07,42.30472,-83.60472,Summer,83.2,71.3,18.0,0.6
3005,1979-08-12,45.22849,-89.67523,Unknown,63.9,52.3,68.0,0.67
3022,1977-09-15,40.028,-110.9315,Fall,49.3,42.2,0.0,0.08
3032,2001-06-15,36.34389,-93.76,Summer,69.6,60.3,38.0,0.8
3044,1975-09-10,43.98694,-91.33662,Unknown,72.5,61.2,68.0,0.18
3049,1985-02-15,40.4415,-91.4261,Spring,15.5,-1.2,42.0,0.87
3064,2001-09-01,45.07072,-123.6664,Summer,60.0,54.6,74.0,0.46
3080,1997-05-01,40.27488,-81.51749,Unknown,42.5,42.8,85.0,0.81
3086,2001-09-08,37.4625,-108.2083,Summer,42.3,22.2,1.0,0.68
3121,2001-09-06,36.22306,-118.6744,Summer,57.6,44.0,0.0,0.62
3180,1978-07-04,39.40877,-81.73172,Summer,71.6,62.7,100.0,0.97
3209,2001-10-14,45.76569,-123.3601,Fall,46.8,49.3,73.0,0.93
3240,2001-10-19,34.45195,-94.60042,Fall,64.0,54.2,59.0,0.11
3248,2001-10-26,41.39803,-81.33974,Spring,39.0,32.4,100.0,0.33
3253,1998-08-15,38.42968,-82.64877,Summer,75.3,63.5,67.0,0.78
3270,2001-10-20,35.83845,-81.80479,Fall,58.8,42.8,0.0,0.14
3293,1978-01-01,40.4764,-82.80257,Winter,24.6,24.4,94.0,0.73
3297,1995-11-14,43.54165,-123.875,Fall,53.1,50.1,78.0,0.73
3301,1980-08-15,41.47349,-81.3726,Summer,67.0,63.7,91.0,0.15
3331,1998-09-09,35.94585,-81.7418,Fall,59.3,42.4,0.0,0.62
3332,1983-04-15,35.33975,-82.443,Spring,46.4,45.8,59.0,0.08
3334,1987-07-15,34.7576,-77.5873,Summer,74.6,70.2,79.0,0.67
3336,1998-03-31,34.3924,-77.7485,Spring,73.8,62.1,36.0,0.14
3350,1999-11-01,40.65572,-83.93892,Fall,56.9,51.1,8.0,0.79
3351,1987-03-15,40.73412,-84.06565,Winter,31.8,25.2,97.0,0.5
3388,2001-11-15,47.232,-88.16361,Fall,48.5,47.6,30.0,0.02
3400,1992-01-01,46.766,-122.1652,Winter,39.2,35.5,95.0,0.9
3421,1978-06-01,39.21278,-120.8908,Spring,65.4,34.7,7.000000000000001,0.87
3424,1984-08-01,39.30056,-120.6672,Summer,66.9,39.7,4.0,0.16
3441,2001-11-29,45.33175,-121.9139,Winter,39.6,39.7,95.0,0.46
3483,1975-10-15,38.81124,-92.59781,Fall,50.9,49.6,84.0,0.36
3533,1998-11-19,39.47642,-82.24155,Fall,49.1,44.3,55.00000000000001,0.02
3535,2001-04-15,40.25597,-82.1334,Spring,45.9,45.6,71.0,0.75
3582,1960-11-15,38.5464,-82.25949,Fall,66.0,40.7,50.0,0.88
3585,2001-08-01,47.85556,-121.9697,Summer,64.3,51.8,59.0,0.43
3587,2001-12-29,33.82722,-95.62861,Winter,35.9,20.9,0.0,0.47
3589,1998-03-15,40.2287,-81.96845,Spring,31.6,20.2,74.0,0.58
3604,2001-07-30,39.225,-106.3625,Summer,62.0,36.0,31.0,0.36
3612,1978-04-01,38.90222,-121.0803,Spring,47.9,47.4,97.0,0.79
3613,2004-10-10,48.09725,-122.8241,Summer,55.7,51.6,89.0,0.88
3623,2001-10-12,48.40611,-118.9844,Fall,35.6,35.0,54.0,0.85
3624,2002-01-09,45.55364,-122.1884,Winter,43.9,41.2,64.0,0.88
3633,2000-10-15,44.86875,-123.4462,Fall,53.8,42.8,48.0,0.58
3652,1998-09-19,39.32385,-106.2275,Fall,45.9,23.6,3.0,0.97
3653,2001-02-20,39.3375,-107.0671,Spring,37.9,16.5,28.999999999999996,0.92
3655,2001-11-12,39.21833,-81.16211,Fall,38.9,28.5,0.0,0.91
3664,1996-06-26,40.4521,-106.6535,Summer,57.8,39.4,42.0,0.34
3673,2004-10-17,47.981,-117.6454,Fall,42.9,44.7,97.0,0.13
3686,1998-05-25,38.79833,-82.54968,Summer,68.1,64.1,32.0,0.99
3702,1975-07-01,42.375,-123.3833,Summer,55.8,44.7,85.0,0.75
3710,2001-06-30,38.9006,-104.9917,Summer,67.3,48.0,56.00000000000001,0.34
3731,2002-02-06,34.86111,-96.66528,Fall,36.7,32.4,99.0,0.82
3759,2001-10-29,46.621,-121.0638,Fall,33.5,28.9,95.0,0.42
3766,2001-08-03,45.99378,-123.9211,Summer,60.5,57.8,97.0,0.49
3777,2000-08-22,31.4676,-92.2508,Summer,83.8,72.5,15.0,0.75
3794,2001-08-01,38.9575,-120.0914,Summer,58.9,39.1,11.0,0.43
3822,2000-07-31,38.9575,-120.0914,Summer,72.3,41.3,26.0,0.03
3826,1999-07-01,38.90203,-79.33517,Summer,76.9,64.3,20.0,0.58
4073,1984-07-04,39.46019,-81.54855,Summer,75.8,63.3,90.0,0.2
4094,1994-10-15,34.56444,-92.58667,Fall,65.0,59.8,98.0,0.38
4096,1980-01-01,33.1075,-92.33472,Unknown,43.2,29.6,2.0,0.48
4099,2004-11-26,40.8139,-91.0863,Fall,46.9,34.4,56.00000000000001,0.49
4109,1995-06-15,31.9621,-81.88995,Winter,70.0,54.0,62.0,0.6
4134,1997-11-15,35.97389,-97.03333,Winter,28.1,18.3,4.0,0.55
4137,1977-08-15,31.11611,-98.055,Summer,84.7,70.8,56.00000000000001,0.02
4138,1983-07-15,30.23333,-95.60834,Summer,76.7,72.6,98.0,0.19
4140,2000-02-15,31.27278,-102.6922,Winter,71.0,30.0,0.0,0.36
4144,1998-01-11,31.91708,-94.63458,Winter,62.9,51.0,74.0,0.47
4159,1995-11-15,31.22333,-94.96611,Fall,59.4,44.3,0.0,0.76
4206,2001-09-11,30.52361,-95.58334,Summer,75.0,64.3,0.0,0.79
4237,1975-07-04,37.80531,-81.14714,Summer,64.7,60.9,81.0,0.84
4301,2002-05-09,46.3261,-122.4988,Spring,45.5,36.0,56.00000000000001,0.91
4306,1980-06-01,40.76533,-80.55217,Summer,71.4,61.1,57.99999999999999,0.59
4310,1988-05-19,40.35097,-81.99847,Spring,57.8,53.4,100.0,0.13
4325,1990-10-20,43.5975,-84.66833,Fall,51.2,31.6,26.0,0.07
4335,1999-06-15,47.6068,-121.9008,Summer,61.5,54.5,68.0,0.08
4337,1996-12-15,33.48,-95.76861,Winter,38.6,33.7,80.0,0.18
4353,1952-07-01,46.1911,-123.1875,Summer,55.6,48.7,74.0,0.29
4359,2002-05-18,46.3758,-122.5855,Spring,55.8,42.6,36.0,0.22
4393,2002-06-10,30.67,-83.412,Winter,78.5,66.9,45.0,0.99
4414,2002-05-26,42.39472,-85.60028,Spring,58.1,42.8,17.0,0.51
4446,1993-07-04,33.2675,-116.8625,Summer,61.9,52.0,68.0,0.53
4458,1994-06-01,41.14896,-83.43667,Summer,58.0,44.1,28.999999999999996,0.76
4498,2002-06-01,39.74961,-84.09158,Summer,73.1,66.0,47.0,0.71
4532,2002-06-27,34.59583,-94.55944,Fall,73.8,67.8,14.000000000000002,0.6
4555,2000-05-07,40.3244,-81.99955,Spring,74.2,58.4,47.0,0.13
4557,1997-06-01,39.89203,-83.00142,Summer,69.1,64.1,94.0,0.87
4558,1998-10-15,40.17699,-81.63656,Fall,51.6,42.3,49.0,0.85
4672,2001-06-06,39.37215,-84.80138,Summer,70.6,66.7,85.0,0.52
4676,2002-07-14,35.5311,-78.4048,Summer,79.0,71.1,86.0,0.15
4737,2001-05-13,46.6622,-122.9627,Spring,57.6,46.6,86.0,0.7
4738,2002-08-03,45.8083,-121.9063,Summer,63.0,44.5,30.0,0.82
4743,2000-02-10,31.16,-87.09069,Winter,62.9,41.9,14.000000000000002,0.17
4760,2002-07-18,40.6445,-83.6118,Summer,79.4,70.8,10.0,0.3
4762,2002-08-04,41.5325,-81.1351,Summer,80.8,65.7,42.0,0.85
4887,2002-09-03,36.10556,-118.5272,Summer,68.2,33.2,0.0,0.88
4897,2002-08-31,39.3045,-106.171,Summer,48.7,25.9,44.0,0.77
4904,2000-05-17,36.599,-105.4113,Spring,34.9,12.2,23.0,0.48
4917,2002-09-07,39.64306,-121.2733,Summer,60.2,33.9,0.0,0.03
4950,1998-05-30,40.33345,-81.26559,Spring,75.2,65.3,22.0,0.17
4951,1997-09-30,40.39103,-80.6937,Fall,57.7,48.7,76.0,0.97
4953,1968-08-01,40.00915,-82.67252,Summer,69.3,66.2,97.0,0.25
4960,1978-09-30,41.09302,-81.82391,Fall,66.3,54.5,51.0,0.94
4969,1983-07-31,41.06499,-81.3741,Summer,75.4,68.3,86.0,0.71
4973,1998-09-01,40.61236,-82.48699,Fall,68.4,53.9,22.0,0.33
4978,2000-02-01,41.36755,-80.76735,Winter,19.0,16.4,100.0,0.88
4987,1990-10-31,44.85,-116.4,Fall,38.4,33.6,28.999999999999996,0.42
5013,2000-10-01,40.42655,-81.25576,Fall,59.5,39.3,33.0,0.13
5085,2004-12-05,36.615,-92.425,Winter,46.8,37.9,60.0,0.78
5100,2002-09-24,45.63923,-121.8735,Fall,56.6,44.5,0.0,0.6
5136,2004-12-07,47.3991,-121.1008,Spring,33.6,29.6,100.0,0.85
5173,2002-12-04,43.35851,-102.3971,Fall,10.7,11.7,100.0,0.02
5232,1961-04-01,40.94083,-123.6283,Spring,47.7,46.0,76.0,0.52
5253,2002-12-01,33.7655,-116.7078,Summer,40.2,34.6,9.0,0.91
5260,1975-09-01,41.75611,-124.2006,Fall,54.6,49.8,10.0,0.85
5262,1997-11-01,41.1462,-80.62124,Winter,49.9,47.9,92.0,0.04
5267,1998-10-01,41.23638,-81.62379,Fall,48.0,42.7,57.99999999999999,0.35
5294,2002-10-27,35.51222,-118.3356,Fall,46.4,32.4,15.0,0.7
5311,1983-05-01,40.04792,-83.5556,Spring,59.4,57.6,99.0,0.64
5316,2002-10-10,36.20611,-94.23417,Fall,63.6,55.7,100.0,0.16
5321,1999-02-15,43.41444,-83.18583,Winter,40.9,24.5,2.0,0.98
5331,2002-11-16,47.0019,-121.6279,Fall,36.3,32.2,61.0,0.4
5333,2004-08-29,40.60787,-82.26236,Fall,71.6,66.7,73.0,0.48
5369,2004-08-02,27.0099,-80.13215,Summer,79.4,73.0,82.0,0.57
5381,1964-10-10,34.0431,-80.80685,Fall,54.4,44.0,0.0,0.16
5406,2003-11-02,41.3235,-81.22745,Fall,62.6,57.8,82.0,0.3
5495,2003-03-18,45.9358,-120.9855,Summer,41.7,31.3,38.0,0.52
5505,2002-12-17,45.46571,-118.875,Fall,36.0,27.4,26.0,0.43
5507,2002-11-24,45.7743,-90.51145,Fall,18.8,15.8,96.0,0.65
5516,2001-07-15,45.7264,-89.8741,Summer,71.0,59.9,66.0,0.81
5519,1972-05-15,30.32305,-85.4427,Unknown,74.5,69.0,36.0,0.09
5552,2004-11-20,38.3085,-92.8254,Summer,47.4,45.2,99.0,0.3
5586,2003-04-11,37.025,-106.8583,Winter,51.2,13.9,35.0,0.31
5609,1985-07-01,31.3904,-92.3495,Summer,83.4,65.5,40.0,0.47
5620,2003-10-20,36.91528,-95.80417,Winter,68.8,54.4,0.0,0.82
5623,1982-06-05,37.4253,-94.7844,Summer,71.2,58.3,55.00000000000001,0.47
5694,1986-07-15,46.01278,-86.81917,Summer,63.0,53.2,82.0,0.28
5720,1963-06-15,42.79166,-116.25,Spring,67.9,54.3,82.0,0.79
5725,2002-11-15,47.0586,-122.2864,Fall,44.3,41.4,68.0,0.37
5742,2004-11-27,37.1142,-89.1979,Summer,40.4,41.2,100.0,0.53
5771,2003-04-23,48.76075,-122.2156,Summer,47.8,43.7,87.0,0.76
5791,2002-08-01,38.77778,-119.8208,Summer,68.5,38.3,27.0,0.76
5801,1994-04-15,30.9905,-87.1814,Spring,72.1,70.9,96.0,0.14
5881,2003-02-20,36.66257,-84.33998,Winter,45.1,40.8,100.0,0.63
5953,2003-04-23,45.88039,-121.1692,Fall,46.7,36.7,30.0,0.76
6037,2002-09-14,42.4829,-110.5979,Fall,49.0,27.7,0.0,0.28
6058,2005-04-05,47.9477,-124.5301,Fall,47.8,39.0,99.0,0.89
6097,1961-09-01,33.70037,-84.53352,Fall,78.1,70.2,84.0,0.73
6130,2000-07-10,38.99778,-120.2392,Summer,59.0,42.8,13.0,0.32
6194,2003-04-11,38.28,-91.6253,Spring,58.1,33.7,0.0,0.31
6232,2003-04-24,46.33425,-123.5439,Spring,42.1,39.1,60.0,0.79
6267,1976-11-15,35.18637,-78.63611,Fall,37.8,37.8,100.0,0.78
6309,2003-05-08,47.94056,-122.7919,Spring,51.3,41.5,60.0,0.23
6313,2003-05-11,39.64193,-82.1013,Spring,61.9,56.9,65.0,0.33
6330,2003-05-01,41.03,-82.0101,Spring,64.8,59.0,42.0,0.01
6394,1976-01-14,41.02174,-92.73979,Winter,27.0,12.7,0.0,0.41
6410,1979-07-04,41.2333,-96.42668,Summer,68.2,66.1,95.0,0.32
6513,2003-06-13,35.33389,-98.13028,Summer,75.8,67.3,26.0,0.47
6538,2003-08-02,37.70835,-107.9584,Spring,54.8,41.9,46.0,0.15
6583,2003-10-08,29.385,-97.81083,Summer,78.9,71.5,79.0,0.45
6638,2003-07-16,35.11417,-86.465,Summer,75.1,72.6,56.99999999999999,0.6
6639,2003-07-20,38.85556,-120.0133,Summer,70.6,50.5,8.0,0.73
6643,1978-07-15,41.432,-71.65183,Summer,65.8,62.3,80.0,0.33
6722,2003-07-26,39.90416,-81.98721,Summer,78.0,63.0,6.0,0.91
6755,2003-08-30,37.4125,-108.1292,Fall,50.8,45.2,28.000000000000004,0.11
6785,2002-05-29,39.0917,-106.4417,Spring,49.7,23.1,20.0,0.62
6836,1980-07-03,41.47511,-79.3178,Summer,68.4,60.8,74.0,0.69
6932,1999-11-15,35.64861,-91.45889,Fall,51.8,25.2,0.0,0.23
6937,2003-10-08,30.77722,-103.7439,Fall,62.7,59.5,90.0,0.45
6938,2003-08-30,33.21145,-87.35664,Summer,81.0,73.4,60.0,0.1
6960,1968-10-16,35.42525,-77.67995,Fall,72.9,65.8,64.0,0.81
6990,2003-12-09,47.0228,-121.5497,Fall,30.4,26.6,100.0,0.53
7023,2005-02-09,38.02825,-82.83425,Fall,43.7,47.3,98.0,0.03
7045,2003-10-31,36.34167,-93.94583,Spring,65.4,57.5,71.0,0.23
7059,2003-10-31,34.39,-93.23111,Winter,70.5,68.2,81.0,0.23
7062,2003-10-09,36.18889,-95.74556,Fall,67.2,64.8,75.0,0.48
7085,1990-07-01,39.3731,-81.65929,Summer,69.9,67.3,73.0,0.3
7113,2003-10-26,33.5388,-84.869,Summer,64.2,61.7,85.0,0.04
7124,1976-06-30,45.9957,-118.1253,Summer,59.2,46.0,80.0,0.11
7133,1980-07-01,39.49265,-83.11422,Summer,72.1,59.7,70.0,0.61
7146,1992-08-15,47.4028,-123.2022,Summer,64.0,50.4,0.0,0.57
7148,1993-09-15,45.4915,-123.2665,Fall,54.4,48.3,70.0,0.98
7181,2003-05-01,41.79639,-84.4587,Spring,60.1,55.9,64.0,0.01
7188,1987-07-04,39.0417,-79.43762,Summer,69.9,56.0,94.0,0.26
7211,1959-10-01,39.08,-121.42,Fall,67.3,35.1,1.0,0.97
7220,1978-11-01,39.54739,-81.39101,Winter,49.3,44.5,37.0,0.03
7224,2003-10-10,41.13356,-81.17155,Fall,62.9,57.0,87.0,0.52
7235,2004-05-28,34.7325,-86.52105,Summer,69.6,66.6,79.0,0.3
7237,1999-11-25,34.672,-83.714,Fall,58.5,59.2,99.0,0.59
7263,1994-04-15,44.2157,-121.4755,Spring,57.8,25.0,0.0,0.15
7294,1998-12-15,38.02516,-77.97089,Winter,41.8,21.7,0.0,0.9
7334,1993-04-01,36.2485,-121.495,Spring,46.5,45.6,53.0,0.32
7382,2001-07-15,46.0471,-122.8294,Summer,57.3,49.2,90.0,0.82
7386,1974-12-15,42.0288,-86.5153,Winter,39.6,35.8,100.0,0.07
7399,1977-05-15,41.93,-84.35389,Spring,68.0,37.4,17.0,0.93
7406,2003-11-19,46.0573,-117.9793,Fall,38.0,30.2,54.0,0.85
7408,2003-11-15,43.92736,-83.92834,Fall,40.9,33.2,91.0,0.7
7441,2004-11-16,47.763,-122.5344,Summer,46.6,44.9,91.0,0.16
7452,2003-11-16,41.23528,-123.6581,Fall,49.7,45.2,100.0,0.74
7455,1999-10-15,46.81045,-124.072,Fall,46.9,41.1,45.0,0.2
7481,1981-05-31,46.79955,-122.2738,Spring,50.1,44.6,54.0,0.93
7483,1986-12-25,47.39,-122.2187,Winter,43.2,38.2,98.0,0.8
7493,1997-10-01,40.72943,-80.59236,Fall,45.9,40.6,63.0,0.99
7514,1997-05-23,41.66955,-74.0863,Spring,54.9,38.1,34.0,0.54
7519,2003-12-08,33.46333,-95.8775,Winter,66.2,48.7,3.0,0.49
7537,2003-12-08,45.0608,-123.694,Winter,44.7,42.3,78.0,0.49
7546,2003-12-12,32.35306,-94.90528,Fall,45.6,35.7,92.0,0.62
7548,2003-12-12,30.775,-94.41528,Fall,49.9,38.6,92.0,0.62
7552,2003-12-12,32.53333,-98.05,Summer,41.2,36.6,89.0,0.62
7555,1977-08-01,40.8875,-122.3775,Spring,89.2,44.4,64.0,0.58
7562,1973-11-15,44.825,-118.415,Fall,38.6,36.8,100.0,0.69
7567,2003-12-15,33.59,-96.27306,Fall,53.7,42.2,24.0,0.72
7580,2004-11-16,47.2293,-123.4898,Fall,41.4,43.2,77.0,0.16
7593,2005-02-05,45.723,-121.8864,Summer,38.4,33.3,86.0,0.88
7604,2004-01-09,30.95972,-95.58334,Winter,46.2,38.9,40.0,0.57
7649,2003-12-28,32.04361,-94.37444,Winter,50.1,51.7,100.0,0.19
7658,1976-05-15,44.1263,-121.3338,Spring,54.5,21.6,1.0,0.57
7718,2003-09-03,39.89172,-84.14493,Fall,70.8,66.0,72.0,0.25
7758,2004-01-13,33.82083,-95.83639,Fall,52.8,48.5,80.0,0.7
7789,1979-10-15,45.5145,-122.3352,Fall,59.0,54.5,95.0,0.84
7800,2000-07-15,44.82167,-84.47611,Summer,66.7,57.8,57.99999999999999,0.47
7802,2004-10-03,32.51556,-95.41817,Winter,73.9,64.3,28.000000000000004,0.67
7804,2004-01-04,39.26361,-121.0161,Winter,35.5,25.0,5.0,0.41
7809,2005-01-06,41.134,-95.88,Summer,8.6,1.7,31.0,0.86
7815,2003-08-12,35.27833,-93.13361,Summer,78.1,66.3,24.0,0.53
7832,1987-07-01,41.16187,-81.37181,Summer,66.8,59.7,100.0,0.17
7890,2001-01-01,42.40489,-76.17366,Winter,13.2,10.4,59.0,0.21
7904,2004-01-18,27.3973,-80.8044,Winter,66.4,61.2,56.99999999999999,0.88
7907,2004-01-30,33.61666,-95.90694,Fall,37.2,29.3,68.0,0.29
7936,2000-06-29,39.74107,-82.70263,Summer,63.7,55.7,31.0,0.92
7939,2002-08-22,43.2265,-78.1946,Summer,74.1,65.0,74.0,0.49
7957,2003-11-09,45.82565,-123.296,Fall,46.6,39.7,42.0,0.52
7963,2004-02-09,55.2035,-132.8202,Winter,43.5,41.5,98.0,0.62
7973,2001-09-25,41.06648,-81.96419,Fall,44.5,42.8,100.0,0.29
8006,2001-06-01,40.3725,-80.67828,Spring,63.4,54.0,72.0,0.35
8026,2003-12-02,39.21667,-120.8983,Winter,49.8,43.8,53.0,0.32
8038,2004-02-19,33.71472,-96.78917,Spring,57.8,46.5,15.0,0.98
8042,1996-10-25,40.08946,-81.69818,Fall,56.1,38.2,77.0,0.47
8060,2005-01-10,36.09583,-89.48666,Fall,58.2,48.9,97.0,0.02
8083,2002-11-02,33.66666,-95.27361,Summer,49.3,41.0,70.0,0.92
8227,2002-10-15,43.3029,-123.1611,Winter,63.6,32.3,0.0,0.33
8236,1984-01-15,40.05998,-82.28814,Winter,15.9,6.3,63.0,0.39
8289,2004-03-01,32.9,-94.6,Summer,61.6,44.0,22.0,0.33
8405,1963-07-04,31.08925,-81.41267,Summer,85.5,76.2,61.0,0.42
8438,2003-10-11,41.3382,-85.7037,Fall,64.2,59.0,26.0,0.54
8446,2004-03-25,40.6559,-83.9374,Spring,60.9,45.7,95.0,0.15
8450,2004-04-03,39.5246,-82.6353,Spring,46.8,36.4,69.0,0.43
8463,2001-11-01,38.4775,-120.0047,Fall,38.3,27.0,16.0,0.52
8514,1994-03-01,30.4544,-81.4189,Spring,67.2,56.7,81.0,0.63
8527,2004-04-23,35.09306,-94.356,Summer,70.0,66.4,71.0,0.13
8530,2004-04-24,30.38667,-98.08611,Summer,64.8,63.8,98.0,0.16
8543,2004-04-30,34.689,-94.7325,Spring,69.0,63.8,57.99999999999999,0.35
8561,2004-08-05,27.1788,-82.20475,Summer,83.7,75.4,42.0,0.68
8587,1976-09-01,41.02572,-81.77677,Fall,64.4,57.7,83.0,0.27
8591,2004-05-03,35.7575,-95.60667,Spring,58.4,39.4,0.0,0.46
8597,2004-07-03,47.87725,-121.8943,Winter,62.3,54.6,77.0,0.55
8633,2004-05-09,41.7655,-77.8768,Spring,62.5,54.8,71.0,0.68
8635,2007-09-12,31.29,-86.255,Spring,82.5,72.5,56.00000000000001,0.04
8670,2004-05-25,47.46312,-121.4454,Summer,51.7,39.8,39.0,0.2
8715,2005-02-02,38.528,-84.588,Fall,33.8,26.0,39.0,0.77
8785,2004-05-01,40.42591,-80.6616,Spring,70.9,56.7,53.0,0.38
8792,2003-12-12,61.09085,-149.7667,Winter,21.3,20.8,67.0,0.62
8796,2001-10-16,38.8554,-79.3999,Fall,46.4,37.3,45.0,0.01
8797,2001-05-13,55.4555,-132.7333,Spring,45.0,37.0,94.0,0.7
8804,1997-11-15,36.31625,-79.03025,Fall,41.7,33.2,60.0,0.54
8832,2004-06-30,28.8,-96.04472,Spring,79.7,75.7,31.0,0.43
8836,1978-02-05,41.44442,-81.20629,Winter,8.8,8.2,100.0,0.93
8843,2004-04-17,40.0799,-81.49697,Spring,68.7,49.6,12.0,0.94
8861,2004-10-31,32.83333,-98.38333,Summer,64.8,61.4,64.0,0.61
8890,2004-12-05,38.305,-92.411,Spring,48.0,36.3,54.0,0.78
8905,2005-07-27,43.2696,-77.664,Summer,64.2,65.7,89.0,0.73
8913,2001-05-15,33.7985,-91.27056,Spring,78.0,60.0,4.0,0.76
8921,2006-06-03,33.00014,-86.00004,Fall,68.3,61.6,27.0,0.24
8978,2001-09-15,47.9237,-122.8531,Fall,57.3,53.3,24.0,0.94
8983,2004-06-12,35.4449,-80.0616,Summer,72.1,68.0,69.0,0.84
9001,2004-07-15,32.80865,-84.25755,Summer,79.0,72.9,19.0,0.94
9022,2004-07-18,40.42687,-81.2558,Summer,67.5,62.7,54.0,0.04
9036,2004-07-22,30.08333,-94.86667,Unknown,80.5,75.0,56.99999999999999,0.17
9047,2002-10-15,48.247,-122.6916,Fall,52.6,43.4,5.0,0.33
9089,2004-09-12,42.28422,-91.68192,Summer,71.4,59.4,0.0,0.93
9169,2004-08-19,29.88528,-94.83334,Summer,84.2,77.2,62.0,0.12
9188,2004-08-18,40.1218,-81.5117,Summer,72.4,61.3,21.0,0.08
9197,1980-09-07,48.68985,-122.4078,Summer,53.6,52.3,68.0,0.95
9202,1965-07-01,39.205,-121.58,Summer,76.7,53.2,0.0,0.1
9204,2004-08-06,45.7492,-122.9546,Summer,63.2,55.4,72.0,0.71
9245,2005-01-22,41.062,-86.5945,Summer,8.0,7.3,94.0,0.42
9254,2004-11-22,35.20416,-87.19556,Summer,57.6,54.7,97.0,0.37
9281,2004-08-17,39.92781,-81.61014,Summer,66.8,55.8,23.0,0.05
9295,1997-08-15,43.1575,-88.1255,Summer,75.1,66.7,55.00000000000001,0.4
9312,2004-09-12,29.17805,-96.29222,Summer,81.3,69.1,25.0,0.93
9357,2000-05-01,36.0438,-118.7402,Spring,63.5,42.0,1.0,0.91
9385,2004-10-03,32.24083,-101.3903,Summer,66.0,57.6,48.0,0.67
9447,2003-04-05,47.16145,-121.8943,Spring,38.6,35.0,95.0,0.12
9465,2005-07-14,34.68319,-83.69085,Fall,77.9,69.3,71.0,0.25
9475,2003-10-17,34.59,-80.3891,Fall,64.0,51.0,20.0,0.72
9502,2004-12-05,37.3317,-93.614,Fall,49.6,38.8,66.0,0.78
9507,1994-07-16,36.41,-93.74,Summer,77.4,68.3,20.0,0.28
9546,1963-10-01,41.9548,-78.65621,Fall,56.0,43.4,3.0,0.44
9604,2004-09-15,44.9723,-118.3692,Fall,44.0,42.6,79.0,0.04
9607,1994-10-15,40.05148,-79.56702,Fall,56.3,39.5,12.0,0.38
9642,2005-01-21,39.3579,-85.61,Spring,22.7,10.8,37.0,0.39
9648,2002-08-13,38.75,-122.7,Summer,70.2,50.5,53.0,0.19
9712,1984-07-15,33.32442,-84.2532,Summer,79.2,69.2,53.0,0.58
9717,2001-10-15,46.0484,-89.66195,Fall,38.3,36.7,80.0,0.96
9750,1999-07-16,34.53784,-77.50434,Summer,77.7,70.4,27.0,0.13
9765,1973-09-28,35.3011,-99.1702,Fall,61.4,51.0,11.0,0.07
9796,1977-09-03,46.69303,-92.49979,Fall,60.0,46.0,37.0,0.69
9810,2004-11-20,32.78611,-97.83334,Winter,63.3,57.8,86.0,0.3
9853,2004-11-27,34.695,-94.685,Fall,41.0,41.5,54.0,0.53
9869,2004-11-26,30.405,-95.36166,Fall,66.2,56.4,65.0,0.49
9872,1998-08-10,44.51436,-85.82096,Summer,72.6,63.9,26.0,0.59
9873,2004-07-20,47.06032,-114.0717,Summer,63.0,52.8,41.0,0.1
9879,2004-11-27,33.03333,-94.72334,Summer,48.9,45.6,28.999999999999996,0.53
9941,2004-12-06,38.62,-91.96238,Fall,52.5,50.6,81.0,0.81
9962,1962-05-01,41.5,-111.75,Spring,49.8,21.8,56.00000000000001,0.91
10006,2004-12-12,40.1333,-80.68192,Winter,34.1,28.7,95.0,0.03
10062,2004-12-18,46.988,-123.8647,Winter,52.2,47.1,41.0,0.25
10074,2004-12-22,33.82444,-97.07361,Summer,27.6,21.0,78.0,0.38
10093,1999-11-15,36.13361,-93.94389,Fall,53.0,28.3,0.0,0.23
10114,2004-07-26,33.15405,-105.7947,Summer,59.7,53.7,62.0,0.31
10136,2001-10-22,42.1174,-75.64853,Fall,49.2,44.8,75.0,0.2
10151,1974-09-16,42.323,-85.05965,Fall,61.7,46.8,13.0,0.02
10153,2005-01-23,39.365,-85.8486,Summer,12.4,-1.8,4.0,0.45
10220,1989-11-15,35.1918,-86.9094,Fall,56.4,57.3,90.0,0.59
10239,1994-08-13,29.24665,-100.4104,Summer,84.0,64.2,20.0,0.23
10251,2003-09-30,41.31268,-78.39445,Summer,51.3,40.1,71.0,0.17
10258,1987-09-15,48.9294,-122.0247,Fall,53.6,46.4,86.0,0.77
10266,2002-09-17,35.63736,-108.8676,Fall,64.7,39.3,41.0,0.38
10277,2005-01-17,30.525,-96.59167,Fall,45.1,30.8,0.0,0.26
10330,2003-02-18,39.96627,-83.51394,Winter,28.1,22.0,100.0,0.56
10407,2005-01-28,30.6,-95.63,Winter,47.0,43.6,100.0,0.6
10486,1994-10-15,35.94,-87.25375,Fall,60.5,56.8,84.0,0.38
10498,1979-09-15,33.8132,-86.7891,Fall,68.7,58.1,10.0,0.82
10591,2004-01-08,30.63333,-95.3,Winter,49.9,47.4,100.0,0.53
10623,2005-02-11,32.9032,-80.65645,Winter,39.8,21.1,5.0,0.1
10660,1974-11-09,38.3908,-95.6491,Fall,48.6,44.5,82.0,0.85
10678,1999-06-12,39.4862,-86.161,Summer,78.4,67.6,44.0,0.96
10776,1999-01-16,36.38287,-80.46865,Winter,43.8,21.4,0.0,0.96
10778,1994-08-15,39.21564,-77.4608,Summer,71.4,58.5,74.0,0.3
10800,2004-11-24,30.55,-95.12305,Fall,45.2,46.5,38.0,0.44
10861,1976-07-15,40.26494,-83.0556,Summer,79.7,68.1,35.0,0.64
10863,2005-01-13,40.50945,-82.87663,Winter,45.6,47.2,56.99999999999999,0.12
10874,1986-10-11,31.2439,-82.1341,Fall,66.7,63.1,97.0,0.29
10877,2000-06-24,34.96295,-111.5228,Summer,57.6,45.7,32.0,0.74
10879,2000-05-06,38.94564,-87.97622,Spring,73.3,62.0,15.0,0.09
10889,1984-02-11,44.64535,-85.77714,Winter,35.2,33.2,99.0,0.31
10913,2002-11-05,33.14663,-92.61493,Fall,47.5,48.1,95.0,0.03
10919,1975-09-15,34.87,-92.12,Summer,61.6,56.4,97.0,0.35
10934,1996-04-30,45.80374,-118.0603,Spring,46.1,32.9,49.0,0.4
10948,2003-07-13,48.78336,-122.2196,Summer,61.4,54.6,94.0,0.51
11030,2007-01-16,34.69895,-85.34145,Winter,32.9,32.0,98.0,0.91
11040,2004-10-21,47.5532,-124.3324,Fall,51.0,43.7,72.0,0.28
11121,2003-06-14,41.86395,-89.34285,Summer,69.0,58.6,24.0,0.51
11137,2005-03-31,46.8434,-123.2383,Spring,49.4,40.6,87.0,0.71
11147,1978-02-15,46.2262,-124.0133,Winter,41.9,36.0,65.0,0.28
11168,2005-12-10,40.16465,-74.68135,Fall,27.8,18.7,4.0,0.33
11228,1985-06-15,40.357,-79.8765,Summer,65.2,48.6,85.0,0.91
11248,1999-08-01,41.0672,-82.41861,Summer,73.2,67.3,35.0,0.64
11328,1974-04-15,36.0165,-88.76775,Spring,51.2,38.8,37.0,0.78
11387,1994-03-01,29.0765,-81.8945,Spring,69.4,56.2,51.0,0.63
11432,2005-04-13,38.10833,-80.17528,Spring,41.0,38.7,78.0,0.16
11496,1997-07-15,40.75,-122.1667,Summer,80.2,54.0,0.0,0.34
11506,1977-10-15,41.91826,-80.54177,Fall,52.0,41.6,52.0,0.1
11519,1994-03-01,40.85,-123.7,Spring,43.7,42.3,92.0,0.64
11592,2004-12-27,33.77528,-97.05903,Fall,50.3,27.4,0.0,0.54
11630,1985-05-01,41.97341,-73.66616,Spring,60.9,42.6,85.0,0.38
11771,2005-05-30,40.71737,-81.18352,Spring,56.5,51.2,69.0,0.75
11828,2004-06-05,39.61958,-81.14833,Summer,60.4,58.8,96.0,0.59
11831,2005-06-02,41.3368,-88.562,Summer,68.9,55.8,36.0,0.86
11837,2005-05-05,38.96,-120.0969,Spring,40.5,37.2,99.0,0.92
11841,1980-08-21,41.5036,-73.7171,Summer,64.4,57.9,94.0,0.34
11927,2005-02-01,29.0,-95.5,Winter,45.1,44.4,100.0,0.73
11946,2003-04-07,40.99562,-82.38627,Spring,38.7,35.5,100.0,0.18
11966,2003-07-03,38.02653,-82.83278,Summer,78.6,66.3,37.0,0.13
11998,1996-11-15,37.75972,-87.96917,Fall,44.7,26.2,21.0,0.16
12065,2005-12-10,40.9934,-74.3249,Spring,27.0,17.9,7.000000000000001,0.33
12067,1978-07-08,39.072,-95.747,Summer,85.3,67.8,30.0,0.1
12214,2003-09-28,35.97,-109.155,Fall,58.6,23.3,0.0,0.09
12220,1980-06-15,40.69334,-80.57396,Spring,66.7,62.8,86.0,0.1
12289,2005-08-02,40.65,-110.0,Summer,53.6,50.2,32.0,0.93
12290,2004-06-15,32.1806,-88.864,Summer,81.6,73.1,73.0,0.94
12292,1986-06-15,36.3779,-121.7146,Summer,52.4,49.6,28.000000000000004,0.26
12314,2005-08-14,30.33778,-93.97194,Summer,82.9,74.3,11.0,0.31
12439,2005-06-10,41.3368,-88.562,Spring,79.0,69.3,19.0,0.12
12482,2005-08-13,41.238,-95.92,Summer,64.9,62.3,44.0,0.28
12528,1998-04-25,36.66708,-90.9525,Spring,70.0,55.0,9.0,0.97
12542,2002-03-16,36.81315,-108.7608,Spring,32.4,4.3,47.0,0.08
12587,1988-08-01,27.099,-82.454,Summer,79.8,74.9,70.0,0.63
12594,2005-10-29,46.92694,-124.1736,Summer,51.9,47.5,50.0,0.89
12597,1982-06-19,39.64081,-81.47081,Summer,61.8,57.4,77.0,0.93
12601,2005-09-14,38.81639,-76.54514,Fall,79.8,71.8,83.0,0.37
12641,1996-10-15,36.82806,-88.15556,Fall,67.4,50.9,0.0,0.1
12649,1987-09-15,39.25396,-121.0517,Fall,61.8,44.9,7.000000000000001,0.77
12669,1983-10-15,40.01979,-83.56088,Fall,52.8,41.9,10.0,0.3
12709,2002-09-21,43.19501,-78.54224,Fall,65.9,63.6,69.0,0.51
12727,2004-10-16,36.8778,-82.4179,Fall,45.1,36.6,59.0,0.09
12732,2004-10-12,27.89469,-81.9742,Fall,77.0,70.0,72.0,0.95
12736,1986-04-16,41.15845,-81.33134,Spring,39.5,31.8,93.0,0.23
12815,2005-04-13,36.19408,-83.73153,Spring,48.6,52.4,98.0,0.16
12818,2005-10-15,38.6167,-119.9501,Fall,37.2,28.0,23.0,0.44
12836,2005-10-06,40.61,-89.585,Fall,46.8,38.5,35.0,0.11
12838,2005-12-01,46.98621,-123.8161,Summer,36.8,32.3,76.0,0.01
12844,2006-02-23,47.86697,-123.8796,Summer,34.6,30.9,59.0,0.84
12876,2005-10-15,46.93755,-123.8358,Fall,55.1,51.5,96.0,0.44
12904,2005-09-09,39.29325,-106.1215,Summer,43.9,41.4,77.0,0.19
12917,1979-10-25,41.65,-123.85,Winter,56.6,53.3,34.0,0.15
12921,2000-01-01,29.098,-82.42,Winter,65.5,53.0,30.0,0.85
12959,1989-11-24,38.6685,-80.03149,Winter,21.0,14.9,31.0,0.89
13028,2003-01-15,30.83315,-93.972,Winter,45.1,39.6,72.0,0.41
13034,1955-01-01,28.043,-82.438,Unknown,68.8,63.2,40.0,0.25
13048,1982-09-01,26.529,-81.6455,Summer,81.0,73.2,39.0,0.44
13122,1996-10-11,38.7016,-79.52835,Fall,30.9,33.4,80.0,0.97
13141,2005-05-30,39.05,-79.98335,Summer,58.8,48.5,28.999999999999996,0.75
13170,2005-12-05,34.65375,-83.11639,Summer,42.1,45.8,100.0,0.15
13212,2003-11-13,36.94165,-80.04166,Fall,38.6,21.7,24.0,0.64
13237,2005-12-03,37.58135,-81.29745,Winter,35.1,18.9,71.0,0.07
13285,2005-10-08,43.4654,-72.7051,Fall,51.3,52.1,100.0,0.17
13288,2004-10-15,42.15947,-78.82683,Fall,49.4,46.0,93.0,0.05
13289,2005-07-15,36.75139,-87.89472,Summer,77.6,72.4,57.99999999999999,0.29
13312,2005-12-12,39.51,-80.985,Fall,21.4,19.0,49.0,0.4
13313,2000-10-14,30.28881,-85.64108,Fall,65.0,48.2,0.0,0.54
13345,2005-08-25,43.1635,-73.0723,Summer,63.1,52.4,8.0,0.71
13348,2004-10-12,34.25,-96.21,Fall,63.8,51.0,46.0,0.95
13383,1991-10-11,46.02962,-113.1198,Fall,48.7,28.1,0.0,0.13
13549,2006-01-07,40.4999,-121.9167,Winter,36.0,40.2,72.0,0.28
13585,2006-01-17,41.51105,-72.46315,Winter,36.6,16.2,34.0,0.6
13597,2006-01-16,42.23865,-121.9446,Winter,33.4,26.9,99.0,0.58
13714,2006-01-30,40.5833,-79.9167,Winter,43.1,37.0,56.99999999999999,0.04
13889,2007-07-15,26.09729,-81.71505,Summer,83.2,72.7,16.0,0.04
14035,2005-02-15,44.66399,-73.73606,Winter,36.6,31.9,90.0,0.24
14037,2006-05-16,38.8317,-81.5784,Summer,55.6,48.3,95.0,0.61
14118,1985-11-01,28.775,-81.6965,Winter,43.6,50.0,57.99999999999999,0.62
14181,2006-03-16,30.993,-85.97701,Spring,61.5,40.3,78.0,0.55
14232,2006-04-07,39.8234,-74.70135,Fall,61.8,43.4,49.0,0.32
14354,2003-07-01,30.069,-81.771,Spring,81.2,73.9,56.00000000000001,0.06
14404,2003-09-06,40.34057,-87.47077,Fall,63.4,51.0,0.0,0.37
14457,2000-10-01,29.191,-82.6505,Fall,71.8,65.3,57.99999999999999,0.13
14493,1983-11-23,47.4914,-94.57375,Fall,21.7,20.2,100.0,0.61
14503,1999-05-15,39.16305,-107.9514,Summer,47.1,30.8,6.0,0.02
14525,1976-10-08,31.24842,-83.13654,Fall,68.0,69.9,97.0,0.51
14638,2006-02-01,32.85232,-95.46671,Spring,60.5,50.1,50.0,0.12
14646,1987-05-15,40.08159,-83.0337,Spring,57.0,51.4,45.0,0.58
14677,2006-09-02,40.5258,-79.6575,Fall,56.5,53.8,100.0,0.31
14707,2008-01-27,40.6166,-80.0107,Fall,25.7,25.3,100.0,0.67
14732,2005-08-15,39.48,-111.23,Summer,56.0,45.8,27.0,0.35
14739,2004-10-30,38.20065,-80.17294,Fall,61.7,56.2,68.0,0.58
14841,2003-02-15,45.3207,-121.9547,Winter,42.9,38.8,86.0,0.45
14872,2006-06-08,38.4763,-89.54485,Summer,77.9,59.4,3.0,0.4
14942,2006-06-06,47.3304,-94.1211,Summer,65.0,59.0,41.0,0.33
14952,2006-06-02,37.44378,-77.6257,Spring,79.1,67.8,62.0,0.21
14982,2006-11-03,47.74897,-122.4966,Summer,57.3,52.6,99.0,0.44
15003,1985-04-15,35.226,-89.94,Spring,57.3,51.4,68.0,0.86
15007,2004-09-11,40.316,-90.459,Fall,67.4,57.6,0.0,0.9
15019,2006-06-21,41.625,-88.4375,Summer,77.3,68.8,25.0,0.87
15050,2006-06-25,45.0902,-89.9905,Summer,60.0,56.0,82.0,0.02
15062,2006-07-27,39.934,-74.3966,Summer,80.4,71.5,42.0,0.08
15067,1995-10-15,44.915,-122.585,Fall,57.1,46.8,47.0,0.72
15088,2005-08-14,41.50086,-81.28275,Summer,69.3,68.2,78.0,0.31
15102,2006-07-06,31.00002,-86.99782,Winter,77.8,71.2,56.99999999999999,0.35
15107,2003-10-23,37.00085,-80.8797,Fall,41.0,31.2,60.0,0.93
15150,2006-07-09,44.53665,-84.16389,Summer,69.1,60.6,50.0,0.44
15170,2006-03-01,25.141,-80.926,Spring,72.5,61.1,1.0,0.06
15206,2005-10-06,47.85001,-116.6079,Fall,45.8,40.2,24.0,0.11
15334,2006-07-19,30.566,-100.545,Summer,84.6,57.8,8.0,0.82
15361,2006-07-27,28.252,-82.44749,Summer,82.0,73.2,35.0,0.08
15398,1999-11-01,43.56211,-73.45947,Fall,50.6,39.5,1.0,0.79
15457,2006-08-29,33.48295,-84.7681,Fall,81.3,72.8,23.0,0.18
15473,2007-08-26,31.85,-85.925,Spring,82.0,70.2,9.0,0.44
15475,2003-05-10,39.6716,-79.9442,Spring,67.5,63.8,85.0,0.3
15514,1984-10-01,44.5976,-86.09081,Fall,49.3,35.0,16.0,0.24
15565,2002-05-11,43.6678,-73.51238,Spring,54.1,29.1,4.0,0.97
15597,2006-09-22,34.73139,-86.97057,Summer,78.1,64.7,74.0,0.01
15610,1960-08-15,36.00565,-89.67815,Summer,80.9,69.2,11.0,0.79
15694,2006-09-02,28.5465,-81.5545,Fall,82.7,72.9,35.0,0.31
15885,1995-01-04,41.29621,-81.5745,Summer,9.4,6.3,82.0,0.12
15969,2007-01-10,40.725,-80.616,Summer,24.1,16.8,66.0,0.73
16053,2006-11-19,47.3978,-123.2008,Fall,44.9,43.1,83.0,0.96
16248,2007-01-15,41.1445,-74.29085,Summer,39.3,38.3,98.0,0.88
16294,1999-04-15,38.22635,-90.39488,Spring,46.1,45.5,100.0,0.98
16295,2008-01-28,47.45411,-122.3219,Winter,35.8,31.2,96.0,0.71
16364,2001-05-01,47.01562,-122.0282,Spring,43.0,39.6,72.0,0.29
16416,2006-11-03,47.396,-123.1976,Fall,54.4,51.6,100.0,0.44
16470,1977-10-19,41.43135,-111.4988,Fall,47.8,24.4,32.0,0.25
16527,2006-11-04,43.41005,-111.7899,Fall,38.2,37.1,82.0,0.47
16550,1986-08-01,39.41546,-120.4187,Summer,65.5,42.2,8.0,0.87
16624,2006-11-13,45.11259,-122.7875,Fall,44.9,43.7,82.0,0.78
16691,1958-04-15,37.055,-121.845,Spring,61.1,50.0,0.0,0.9
16734,2004-10-20,33.132,-79.884,Fall,71.4,66.5,46.0,0.24
16890,2006-07-15,37.32091,-81.1271,Summer,73.2,66.8,47.0,0.67
16995,2006-07-22,35.40472,-84.05056,Summer,69.4,66.9,56.00000000000001,0.92
17175,1995-11-15,44.4887,-85.93575,Fall,30.4,17.7,74.0,0.76
17220,2000-09-01,48.1864,-122.2612,Summer,57.0,46.4,73.0,0.12
17249,2006-12-31,34.37537,-83.77232,Winter,55.6,53.4,100.0,0.4
17265,2003-03-15,40.26705,-111.5986,Spring,38.4,29.6,41.0,0.4
17326,1995-11-18,38.54602,-79.16096,Fall,37.8,32.4,72.0,0.86
17448,2007-01-22,32.815,-109.675,Winter,35.9,30.1,99.0,0.13
17449,2007-01-09,39.9433,-79.665,Winter,29.3,24.2,96.0,0.7
17477,2003-08-12,31.2137,-82.77173,Summer,78.9,72.7,27.0,0.52
17644,2005-09-01,29.1039,-82.3722,Fall,80.4,76.0,16.0,0.93
17767,1986-07-17,38.716,-104.875,Summer,65.5,46.0,70.0,0.36
17804,2007-02-01,34.6,-109.44,Winter,23.5,25.1,93.0,0.49
17847,2005-10-12,47.6597,-122.105,Fall,54.7,47.5,74.0,0.33
17903,2007-10-20,48.39936,-122.645,Fall,49.8,43.2,98.0,0.3
18001,1999-08-13,34.4447,-83.59509,Summer,84.0,71.6,2.0,0.08
18033,2002-05-30,32.6825,-85.2222,Spring,72.5,64.2,32.0,0.65
18043,1992-08-15,34.27607,-86.17524,Summer,65.9,61.1,4.0,0.57
18278,1994-11-11,37.286,-89.6075,Winter,48.1,38.4,60.0,0.3
18439,1987-09-19,31.55762,-81.47213,Fall,82.0,73.2,56.99999999999999,0.89
18584,2007-10-15,38.0985,-89.4205,Fall,66.9,54.4,33.0,0.14
18680,1989-08-09,35.1312,-79.11128,Summer,67.9,59.2,94.0,0.25
18707,1992-07-11,31.43265,-84.1293,Summer,87.0,72.2,37.0,0.4
18793,2007-05-20,38.8762,-79.95695,Summer,58.8,45.2,71.0,0.14
18943,2007-05-03,35.95815,-80.2084,Spring,60.4,56.2,69.0,0.54
19073,2004-10-20,33.36867,-95.23958,Fall,79.5,62.4,18.0,0.24
19223,2006-11-20,44.091,-86.42896,Fall,34.6,26.0,34.0,0.98
19339,2006-10-15,33.99989,-110.4298,Fall,46.5,39.3,80.0,0.8
19354,1993-07-01,28.99487,-81.78879,Summer,79.4,69.5,15.0,0.42
19588,1997-10-01,39.8679,-87.23335,Fall,52.6,46.5,30.0,0.01
19836,2003-11-09,42.54346,-77.36516,Fall,24.4,17.2,0.0,0.52
19841,2007-01-13,38.835,-79.3762,Winter,56.8,47.3,79.0,0.82
19906,2003-04-19,36.589,-79.1345,Spring,51.8,45.4,100.0,0.61
19910,1994-10-22,42.1846,-89.022,Fall,55.7,46.4,34.0,0.6
19936,2004-01-22,46.52545,-87.5034,Winter,-2.4,-10.1,87.0,0.04
19958,2007-07-12,28.78028,-81.90477,Summer,83.2,74.6,7.000000000000001,0.94
20028,1987-10-15,38.9969,-108.1098,Fall,38.6,38.9,66.0,0.78
20100,1990-10-01,46.09045,-87.48289,Fall,43.8,40.2,72.0,0.4
20173,1979-06-01,45.91515,-84.87524,Summer,56.0,47.9,79.0,0.21
20202,1982-10-01,45.9642,-87.3289,Fall,50.0,42.3,77.0,0.45
20231,2004-03-01,35.5467,-85.02585,Spring,60.0,45.0,73.0,0.33
20235,2006-08-15,35.3,-111.675,Summer,57.1,54.0,57.99999999999999,0.74
20363,2001-08-15,43.7268,-73.52,Summer,64.9,53.1,9.0,0.87
20423,1979-10-18,42.3125,-84.7378,Fall,58.1,52.7,99.0,0.92
20562,1977-12-15,41.73125,-70.48792,Winter,40.9,40.6,56.99999999999999,0.18
20685,2007-12-20,31.1683,-95.59745,Fall,56.5,51.0,38.0,0.38
20833,2007-06-11,34.27139,-110.0632,Summer,55.3,38.9,61.0,0.88
20940,2000-08-01,30.23693,-81.54172,Unknown,81.1,74.1,18.0,0.06
21254,1995-12-15,30.08341,-85.11039,Winter,66.4,60.8,76.0,0.77
21488,2007-08-18,43.64706,-75.57448,Summer,52.4,45.6,37.0,0.18
21658,2007-08-11,30.10386,-81.89565,Summer,84.8,75.1,40.0,0.96
21714,2007-09-12,33.1,-86.86,Summer,76.3,69.9,62.0,0.04
21894,2003-11-27,39.335,-78.94501,Fall,52.6,42.3,45.0,0.14
21962,2007-10-24,40.37726,-75.37814,Fall,56.8,59.1,99.0,0.44
21977,2007-11-09,40.9427,-74.46155,Winter,37.9,31.2,74.0,0.98
22074,2005-09-01,28.54028,-82.11083,Fall,81.5,76.8,20.0,0.93
22358,2007-03-15,28.80455,-81.45354,Spring,75.4,60.8,44.0,0.87
22475,2003-08-15,46.52352,-122.3045,Summer,60.7,51.4,100.0,0.62
22598,2008-01-07,35.7,-117.9667,Fall,32.4,28.8,38.0,0.97
22742,2008-05-23,45.38736,-121.5134,Winter,39.8,37.8,95.0,0.61
22802,2008-10-06,43.21,-85.41,Fall,49.7,45.2,96.0,0.23
22816,2008-01-28,47.74225,-122.5377,Fall,36.9,31.3,98.0,0.71
22899,2008-01-19,31.35,-85.7075,Spring,34.4,37.7,89.0,0.4
22941,2002-04-15,36.772,-86.1425,Spring,73.1,61.6,12.0,0.09
22969,2008-01-19,33.46345,-85.87055,Winter,25.3,26.2,83.0,0.4
22981,2006-07-12,37.6095,-87.344,Summer,78.0,73.3,60.0,0.56
22996,2002-08-20,43.2073,-123.5585,Summer,59.8,48.5,60.0,0.43
23017,2008-02-01,48.105,-121.905,Winter,36.1,34.9,98.0,0.83
23062,2005-07-16,47.55477,-121.5354,Summer,58.8,52.8,80.0,0.33
23065,2001-09-15,37.2362,-106.541,Fall,51.4,35.0,22.0,0.94
23076,2004-06-15,29.43465,-81.80878,Spring,80.5,73.1,30.0,0.93
23160,2007-11-16,47.49865,-123.2182,Fall,44.5,44.3,93.0,0.22
23170,2005-03-01,48.11509,-121.9677,Spring,51.9,41.9,50.0,0.68
23291,1998-01-31,40.34937,-111.6956,Winter,30.2,28.3,54.0,0.13
23300,1992-12-26,46.35099,-123.6886,Winter,40.7,40.4,83.0,0.09
23314,1998-09-01,34.08725,-79.1246,Summer,81.0,71.9,28.000000000000004,0.33
23315,2006-04-16,45.99935,-121.4821,Spring,40.4,31.0,14.000000000000002,0.6
23395,2006-10-16,38.946,-89.582,Fall,53.9,45.9,99.0,0.83
23437,2004-11-25,39.26188,-79.01405,Fall,39.5,38.8,76.0,0.47
23481,1978-07-01,42.68505,-84.04025,Summer,61.2,54.6,98.0,0.88
23489,2007-11-22,41.461,-94.045,Fall,21.9,21.6,100.0,0.43
23496,2003-04-15,44.69867,-87.49564,Spring,52.1,41.7,13.0,0.46
23498,1986-11-15,30.07067,-82.38086,Winter,58.2,49.6,84.0,0.48
23530,1973-05-01,44.7,-84.71,Spring,55.8,48.4,95.0,0.95
23558,2008-04-05,46.98278,-123.1742,Spring,39.8,35.2,80.0,0.98
23578,2008-04-08,33.27303,-97.03784,Spring,65.2,59.2,68.0,0.1
23628,2008-04-18,35.56637,-94.98001,Spring,49.6,42.3,71.0,0.45
23645,1970-04-01,35.68449,-83.53575,Spring,57.8,37.7,95.0,0.84
23701,2005-07-03,34.6527,-84.0354,Summer,69.7,68.0,49.0,0.91
23730,1978-11-15,37.7755,-85.67188,Fall,46.6,40.9,100.0,0.53
23762,2007-07-27,37.9937,-80.3616,Winter,73.1,62.9,67.0,0.42
23822,1999-09-20,41.5343,-111.5281,Fall,47.5,42.2,17.0,0.34
23836,1976-10-20,38.73802,-90.53249,Fall,39.6,36.2,68.0,0.9
23856,2007-07-15,41.59773,-73.64642,Summer,72.6,64.6,30.0,0.04
23908,2006-09-07,41.49955,-111.6348,Fall,59.4,44.6,20.0,0.5
23916,2008-05-31,35.0228,-87.2352,Spring,78.3,68.8,22.0,0.88
23949,2008-05-03,40.9452,-90.9009,Spring,49.4,38.0,61.0,0.93
24024,2004-06-12,46.63153,-123.2349,Summer,57.3,44.8,47.0,0.84
24033,2008-06-15,45.33075,-85.23538,Summer,62.8,53.3,19.0,0.41
24056,2008-05-28,40.8348,-93.85965,Spring,60.4,46.5,97.0,0.77
24061,1979-08-10,37.445,-80.17,Summer,75.3,68.2,23.0,0.59
24089,2008-06-21,47.1589,-94.83755,Summer,63.8,47.9,21.0,0.59
24127,2002-09-15,46.18968,-85.97613,Fall,55.1,48.0,17.0,0.31
24131,2006-12-22,37.49582,-83.89224,Winter,48.3,51.9,93.0,0.07
24134,2008-06-30,28.63434,-81.14076,Summer,81.7,71.2,43.0,0.91
24194,2001-09-04,39.15735,-106.4213,Summer,51.8,34.4,34.0,0.56
24216,2008-07-05,47.2331,-123.9878,Summer,57.8,56.7,100.0,0.1
24254,1992-06-14,34.44652,-93.07654,Summer,78.9,67.7,67.0,0.49
24265,2008-07-12,45.73271,-90.42001,Summer,65.4,52.8,39.0,0.33
24276,2008-07-26,35.15193,-93.42848,Summer,85.9,72.9,8.0,0.79
24328,2008-08-01,46.03193,-123.4573,Summer,57.2,53.0,91.0,0.02
24334,2005-02-10,34.40434,-77.23759,Winter,44.4,38.2,56.99999999999999,0.07
24354,2007-11-16,39.607,-90.64,Fall,45.1,24.3,0.0,0.21
24371,2009-02-11,45.91665,-117.925,Summer,21.2,21.2,100.0,0.58
24393,1977-07-30,31.30062,-84.02254,Summer,77.6,72.8,72.0,0.52
24426,2008-08-11,46.67197,-94.80162,Summer,66.2,56.7,40.0,0.34
24441,1993-10-15,30.90529,-86.68372,Fall,73.7,65.6,86.0,0.01
24442,2008-08-15,41.115,-75.205,Fall,65.2,60.6,62.0,0.46
24451,2008-08-31,31.20325,-87.5047,Fall,79.6,72.7,32.0,0.03
24508,2008-08-18,46.25961,-91.10812,Summer,64.5,59.9,30.0,0.56
24547,1955-01-01,35.3218,-87.2932,Unknown,46.5,47.9,84.0,0.25
24612,2008-08-24,47.00008,-121.9563,Summer,59.1,56.8,69.0,0.78
24731,2008-09-13,41.12782,-78.5826,Summer,70.3,66.2,91.0,0.44
24755,1990-12-03,47.48176,-121.6548,Winter,44.1,41.3,97.0,0.56
24767,1991-11-15,37.19201,-93.73122,Fall,58.8,56.5,100.0,0.29
24776,1985-05-15,44.62845,-85.86292,Spring,59.6,51.1,78.0,0.87
24794,1989-04-22,45.95602,-94.87069,Spring,54.3,46.9,100.0,0.55
24800,1994-07-15,38.90649,-84.67017,Summer,71.7,71.1,74.0,0.24
24815,1988-11-30,39.32117,-86.46065,Winter,30.0,29.6,86.0,0.73
24892,2009-03-02,42.125,-123.2916,Summer,33.6,35.0,76.0,0.2
24929,2009-01-28,41.84998,-124.1417,Fall,48.0,40.6,53.0,0.08
24952,2008-05-01,39.11378,-76.811,Spring,59.6,45.0,38.0,0.86
24967,2007-01-17,34.74338,-94.7297,Winter,29.6,21.9,34.0,0.95
24970,1979-08-15,31.2371,-94.45095,Summer,82.1,72.7,36.0,0.78
24997,2007-10-27,38.567,-89.341,Fall,50.4,46.0,60.0,0.56
25009,1962-08-14,37.475,-121.07,Summer,78.5,42.9,0.0,0.46
25031,2008-11-18,44.565,-83.845,Fall,21.7,12.9,59.0,0.7
25043,2001-10-15,34.8155,-84.58501,Fall,55.7,44.3,0.0,0.96
25085,2008-12-19,41.79985,-75.9799,Winter,21.3,22.0,84.0,0.76
25111,2008-11-28,34.55946,-86.59747,Fall,54.3,44.0,59.0,0.03
25137,1999-04-15,38.63295,-75.80465,Spring,54.6,37.1,56.00000000000001,0.98
25237,2008-12-01,39.74356,-86.81714,Winter,27.7,26.7,100.0,0.12
25265,2008-12-07,40.86765,-109.5143,Winter,38.3,20.5,0.0,0.32
25267,1980-12-24,38.72226,-89.80125,Winter,15.4,17.8,75.0,0.61
25301,2008-12-28,39.10023,-79.4593,Winter,42.1,38.0,14.000000000000002,0.04
25364,2009-05-17,41.60551,-70.97708,Winter,54.2,52.2,86.0,0.76
25454,1984-08-01,39.17295,-84.971,Summer,77.4,67.7,86.0,0.16
25511,2008-10-12,37.33815,-107.501,Fall,30.2,10.2,25.0,0.42
25533,2006-11-15,43.61538,-123.5036,Fall,48.0,42.2,54.0,0.84
25559,2009-02-24,34.71139,-86.6575,Winter,47.8,22.8,39.0,0.99
25577,2003-03-15,28.48106,-81.11927,Spring,71.5,65.1,71.0,0.4
25592,1986-05-24,36.5802,-86.5104,Summer,67.1,61.8,99.0,0.53
25621,2009-03-19,48.17107,-122.5089,Winter,48.3,42.6,100.0,0.78
25651,1996-10-01,43.87,-84.355,Fall,67.8,52.4,52.0,0.66
25693,2009-03-15,34.70107,-83.6746,Winter,54.2,46.0,98.0,0.66
25703,2009-03-25,34.36778,-94.68028,Fall,54.2,43.2,31.0,0.96
25715,2005-09-14,41.2584,-81.56255,Summer,73.3,61.4,49.0,0.37
25724,2006-04-01,41.12884,-80.85832,Spring,46.8,45.0,100.0,0.12
25860,2009-08-10,38.62563,-96.44296,Summer,74.2,67.6,36.0,0.65
25979,2009-05-17,29.77291,-81.8592,Summer,77.2,68.4,37.0,0.76
26013,2008-10-18,35.0554,-79.88049,Fall,53.0,48.7,95.0,0.64
26029,1975-07-01,34.45025,-82.56786,Summer,82.1,65.8,56.00000000000001,0.75
26039,2008-05-13,42.17577,-88.09506,Spring,64.3,43.9,23.0,0.3
26065,2007-08-18,46.85,-121.25,Summer,45.5,40.9,62.0,0.19
26100,1996-11-15,33.14759,-93.89135,Fall,65.9,49.8,52.0,0.16
26101,1995-01-15,46.94102,-123.7727,Winter,45.1,44.0,98.0,0.46
26137,2009-06-13,44.50455,-123.5524,Summer,50.2,48.9,89.0,0.68
26149,2009-06-16,39.03501,-84.1317,Summer,72.9,65.1,48.0,0.78
26179,2002-02-13,37.182,-113.7382,Winter,53.4,1.3,3.0,0.05
26196,2000-10-01,44.16985,-85.63835,Fall,68.8,50.4,1.0,0.13
26224,1991-04-10,44.68557,-118.0891,Fall,32.3,23.4,57.99999999999999,0.86
26279,2002-08-13,39.355,-80.915,Summer,81.1,64.0,24.0,0.18
26313,2009-07-17,33.49565,-84.5317,Summer,74.4,69.5,44.0,0.83
26338,2009-07-26,43.32,-73.81,Summer,70.2,67.0,60.0,0.17
26377,2001-01-13,28.14617,-82.24487,Winter,54.4,45.5,38.0,0.64
26554,2009-09-08,36.03501,-96.36707,Summer,80.3,67.6,35.0,0.63
26566,2003-09-20,43.27314,-76.89331,Fall,60.4,52.1,35.0,0.81
26577,2009-06-18,30.25389,-81.8992,Summer,78.3,73.8,61.0,0.85
26581,1982-01-01,28.29425,-82.71758,Unknown,72.8,69.7,67.0,0.2
26587,1975-07-15,40.54919,-85.69739,Summer,74.8,56.5,30.0,0.24
26604,2009-07-15,64.89139,-147.8142,Summer,54.4,52.5,85.0,0.77
26617,2011-05-19,44.62,-83.62335,Fall,54.2,54.5,100.0,0.58
26694,2009-09-24,37.66643,-90.86792,Fall,65.9,65.6,91.0,0.2
26711,2009-10-01,34.49108,-94.49968,Fall,62.6,63.8,60.0,0.41
26767,2009-10-04,34.21174,-96.63857,Fall,58.3,56.2,100.0,0.52
26830,2009-10-31,39.42635,-81.37085,Fall,51.7,49.6,81.0,0.42
26874,2009-09-24,40.65639,-89.04518,Fall,67.8,63.2,24.0,0.2
26919,2009-11-24,38.4063,-90.7357,Fall,49.4,46.3,90.0,0.25
26947,2009-11-21,30.9725,-87.265,Fall,61.4,51.0,65.0,0.16
26957,2009-11-30,40.65083,-78.52589,Winter,40.0,34.7,100.0,0.44
26962,1961-10-15,36.06055,-89.98725,Fall,53.5,30.4,0.0,0.2
27012,1979-10-10,32.40191,-90.19371,Fall,51.5,43.7,70.0,0.67
27028,2004-06-01,46.02361,-92.88618,Summer,50.8,47.5,91.0,0.44
27035,1972-10-28,43.1546,-75.73906,Fall,55.1,46.1,98.0,0.72
27076,2000-06-13,29.58358,-82.33316,Summer,82.9,69.9,36.0,0.4
27089,2009-10-15,38.2081,-91.16042,Fall,45.4,44.2,98.0,0.91
27177,2010-01-22,34.76666,-118.5834,Unknown,36.4,33.6,82.0,0.23
27250,1981-08-28,29.47368,-82.6783,Fall,75.3,74.0,75.0,0.97
27300,2009-08-15,31.18562,-83.66153,Summer,80.7,72.5,55.00000000000001,0.82
27307,2006-07-04,33.81435,-96.76199,Summer,81.5,69.4,40.0,0.28
27323,2009-10-13,37.65805,-83.79678,Fall,54.0,53.4,92.0,0.84
27410,1986-01-14,36.87593,-89.86899,Winter,32.3,23.8,39.0,0.15
27429,2010-03-10,43.8708,-89.18135,Spring,39.8,38.6,100.0,0.84
27459,2010-03-12,33.8957,-87.53395,Spring,53.6,46.6,68.0,0.9
27486,1994-04-22,35.8606,-89.0912,Spring,59.4,44.4,24.0,0.38
27522,2009-12-14,36.19746,-84.66167,Winter,55.1,49.6,93.0,0.94
27545,2010-03-26,37.22604,-82.74595,Spring,36.2,36.4,84.0,0.38
27568,2005-01-12,34.70112,-87.77686,Winter,64.3,59.0,80.0,0.09
27587,2005-10-20,27.07842,-81.99105,Fall,81.7,72.3,25.0,0.61
27702,2010-08-15,39.08414,-76.82731,Summer,74.6,70.0,96.0,0.21
27803,2010-05-22,46.84748,-122.2719,Spring,47.0,41.7,74.0,0.32
27865,2010-06-09,46.49406,-122.5319,Summer,54.1,50.7,73.0,0.9
27906,2010-12-04,35.31924,-80.03551,Winter,34.6,29.9,65.0,0.97
27976,2010-07-10,40.38335,-87.0796,Summer,75.4,62.3,4.0,0.96
27978,1973-07-01,41.76292,-91.59415,Summer,78.8,66.3,79.0,0.05
27983,1974-08-01,35.665,-120.55,Summer,79.3,53.5,0.0,0.46
28005,2010-07-16,36.25466,-86.15759,Summer,83.9,73.6,23.0,0.18
28008,2010-07-05,42.97569,-88.44846,Summer,79.2,69.4,59.0,0.79
28017,2010-11-08,42.54334,-71.80123,Summer,41.2,36.9,100.0,0.09
28065,2008-10-26,45.95359,-88.38782,Fall,38.0,35.2,61.0,0.93
28110,2009-06-27,40.19732,-88.724,Summer,80.0,63.5,9.0,0.18
28123,1995-08-15,45.90052,-122.3898,Summer,59.3,52.0,96.0,0.67
28197,1977-10-01,46.98578,-122.6997,Fall,47.6,46.4,73.0,0.64
28200,2009-10-10,28.44926,-81.95577,Fall,82.0,75.2,30.0,0.72
28237,2010-09-05,28.50566,-81.97483,Summer,82.3,74.4,49.0,0.9
28370,1978-08-01,39.65749,-89.56981,Summer,74.6,65.5,87.0,0.93
28409,2002-06-15,46.50835,-123.0235,Summer,61.4,49.4,63.0,0.17
28418,1991-08-14,29.39384,-82.44225,Summer,81.8,68.0,41.0,0.17
28427,2010-10-24,43.32922,-92.06343,Fall,58.5,57.0,87.0,0.55
28429,2007-10-27,40.82944,-89.73378,Fall,45.6,40.9,55.00000000000001,0.56
28438,2010-10-22,48.32675,-121.6962,Fall,40.4,41.1,81.0,0.48
28484,2006-07-22,39.57463,-90.24173,Summer,70.6,58.4,32.0,0.92
28487,2011-01-11,47.41995,-123.2005,Summer,31.9,24.4,43.0,0.23
28526,2004-07-15,31.9853,-81.61756,Summer,79.7,73.8,61.0,0.94
28531,2010-11-18,41.16984,-81.64181,Fall,37.5,36.5,96.0,0.4
28532,2010-11-17,46.82742,-123.7095,Fall,43.6,43.1,97.0,0.37
28534,2006-08-26,39.53747,-90.17564,Summer,76.2,70.2,55.00000000000001,0.09
28569,2008-12-27,40.5634,-89.95824,Winter,44.2,50.8,100.0,0.01
28580,2008-10-16,41.34404,-78.04547,Fall,52.5,52.2,89.0,0.57
28667,2011-08-14,42.08179,-72.82665,Winter,66.8,64.3,98.0,0.53
28668,2011-05-23,44.76665,-85.00165,Spring,56.0,57.5,87.0,0.71
28678,1961-03-18,28.90854,-82.34611,Spring,74.5,64.7,79.0,0.07
28689,1999-06-30,38.56724,-92.07335,Summer,74.0,64.2,77.0,0.55
28739,2011-01-16,47.94485,-123.5436,Winter,46.8,45.6,98.0,0.39
28781,2002-08-01,47.2838,-124.2306,Summer,55.9,48.4,41.0,0.76
28803,1997-11-01,40.8179,-85.3532,Fall,47.5,48.7,100.0,0.04
28805,1982-06-25,44.66666,-85.79052,Summer,48.3,53.8,94.0,0.16
28820,1994-02-12,41.15384,-81.1124,Winter,33.6,23.1,88.0,0.07
28823,2011-01-25,47.77293,-122.5552,Winter,46.4,44.4,90.0,0.72
28839,2011-02-06,33.94073,-94.09966,Winter,45.1,32.1,51.0,0.11
28856,2011-02-04,46.86044,-122.7043,Winter,45.9,43.6,99.0,0.06
28861,2009-10-22,39.02502,-86.49139,Fall,63.2,51.9,30.0,0.15
28886,2011-02-20,36.65339,-105.9678,Winter,21.8,18.3,85.0,0.59
28898,2008-06-07,47.12045,-121.5298,Spring,42.6,40.5,100.0,0.15
28912,2011-02-22,38.9264,-82.14285,Winter,31.8,29.7,100.0,0.66
28946,1981-08-15,34.55154,-112.5421,Summer,65.5,54.1,28.000000000000004,0.51
29091,2009-07-17,45.35665,-84.605,Summer,57.4,52.3,89.0,0.83
29139,2013-02-15,41.01941,-74.57013,Spring,39.3,28.8,32.0,0.19
29165,2011-04-15,37.60075,-88.38197,Spring,55.3,50.5,65.0,0.41
29170,2011-04-26,47.90079,-121.6692,Spring,44.0,39.2,80.0,0.8
29178,1980-11-16,42.068,-84.22701,Fall,31.6,23.4,34.0,0.29
29227,2011-05-03,37.2276,-88.7584,Spring,50.9,41.7,50.0,0.01
29241,1999-10-09,39.75616,-88.62624,Fall,63.2,63.2,99.0,0.02
29265,2008-05-23,39.02341,-90.40184,Spring,65.3,54.2,73.0,0.61
29287,2000-04-07,41.7584,-90.0795,Spring,36.1,29.9,91.0,0.1
29330,1989-05-15,39.64819,-78.32549,Spring,56.0,55.4,100.0,0.34
29417,2010-11-18,34.73147,-92.75093,Fall,45.2,44.5,90.0,0.4
29495,2011-06-15,39.66676,-89.68079,Spring,69.8,63.7,43.0,0.5
29675,1997-10-13,45.87165,-87.02158,Fall,47.4,47.9,70.0,0.42
29690,2004-03-04,40.91689,-111.8038,Winter,24.0,21.6,89.0,0.42
29794,2008-11-29,36.1874,-87.0886,Fall,48.8,33.2,95.0,0.06
29975,1993-04-15,47.147,-122.6028,Spring,47.4,45.0,90.0,0.81
30003,2011-07-18,41.42396,-88.71103,Summer,83.3,75.3,11.0,0.62
30004,2005-10-10,34.17521,-85.18678,Fall,70.4,62.8,82.0,0.25
30006,2002-02-16,38.9766,-78.6205,Winter,38.0,28.1,42.0,0.13
30090,2009-11-15,44.22671,-86.10172,Winter,34.9,32.4,42.0,0.96
30198,1983-08-01,38.1078,-82.73412,Summer,77.8,68.2,76.0,0.74
30203,2004-10-30,40.14471,-89.41959,Fall,51.8,46.7,25.0,0.58
30258,2003-09-13,38.48342,-77.34673,Fall,74.3,67.4,93.0,0.6
30369,2011-08-08,39.11929,-83.40022,Summer,78.7,69.9,28.999999999999996,0.33
30548,2020-02-16,40.26059,-81.22332,Summer,34.7,27.9,54.0,0.79
30573,1991-10-19,39.04035,-94.16049,Fall,44.4,23.6,38.0,0.37
30634,2011-05-14,39.6946,-76.6691,Spring,59.7,57.4,100.0,0.4
30735,1995-10-14,35.18083,-79.21278,Fall,69.3,70.3,96.0,0.69
30753,2011-11-05,45.0,-85.0,Summer,45.4,31.3,0.0,0.34
30789,2011-11-03,45.1365,-83.5175,Summer,38.4,36.2,49.0,0.28
30896,2011-10-20,41.4209,-88.706,Fall,41.1,35.9,97.0,0.77
30902,2002-11-15,46.60424,-87.46171,Fall,14.7,17.4,96.0,0.37
30929,2003-06-14,26.80829,-80.16933,Summer,80.0,72.8,53.0,0.51
31000,2009-06-17,41.13183,-81.11617,Summer,68.7,64.2,97.0,0.81
31005,2005-06-01,35.97231,-84.88466,Summer,62.9,59.3,79.0,0.83
31025,2010-08-15,46.19183,-86.21193,Summer,65.2,62.4,51.0,0.21
31153,2011-07-04,28.98491,-81.43248,Summer,82.4,71.7,25.0,0.12
31166,2009-08-16,47.5,-93.0,Summer,60.5,63.5,85.0,0.86
31368,2011-09-15,39.08002,-84.79574,Fall,53.7,42.4,43.0,0.6
31439,2010-07-18,40.11682,-81.4936,Summer,78.0,69.7,41.0,0.26
31444,1978-07-15,41.871,-84.2995,Summer,70.2,67.9,48.0,0.33
31488,1998-10-15,45.48318,-118.83,Fall,41.9,35.1,61.0,0.86
31648,2012-01-16,37.047,-77.90815,Spring,43.4,20.3,17.0,0.76
31852,2011-06-04,41.23739,-81.60576,Summer,77.0,58.9,24.0,0.09
31858,2011-12-19,38.71682,-87.68468,Winter,46.5,39.4,99.0,0.82
32227,2009-08-16,26.1875,-81.69245,Summer,83.6,74.2,18.0,0.86
32249,2007-04-10,28.85982,-81.48534,Spring,65.4,59.7,91.0,0.75
32256,2011-05-05,39.7273,-97.34005,Spring,53.6,41.8,39.0,0.08
32302,1989-12-15,30.55044,-83.48494,Winter,50.3,38.1,56.99999999999999,0.61
32377,2010-11-14,36.8817,-84.0821,Fall,43.8,41.8,94.0,0.28
32400,2008-09-13,42.18476,-88.29926,Fall,69.4,69.5,99.0,0.44
32620,1983-11-28,40.28488,-81.58699,Fall,48.9,48.1,88.0,0.79
32696,2012-01-22,46.59632,-122.5308,Winter,35.4,36.5,91.0,0.98
32824,1986-09-15,47.10637,-122.5958,Fall,59.4,46.5,92.0,0.42
32976,2008-12-03,44.685,-85.433,Fall,27.3,29.0,100.0,0.18
33187,2011-11-15,37.97699,-84.90234,Fall,55.6,54.2,100.0,0.65
33256,2011-04-16,37.047,-77.90815,Spring,56.7,55.6,77.0,0.45
33264,2012-01-23,41.73534,-90.22054,Winter,30.1,29.6,100.0,0.02
33307,1983-10-14,31.13586,-87.06486,Fall,61.1,44.4,84.0,0.28
33322,2010-08-15,36.8216,-87.93167,Summer,84.0,74.8,28.999999999999996,0.21
33358,1977-05-21,34.79914,-77.10508,Spring,74.5,63.2,79.0,0.11
33611,2003-07-15,45.351,-83.4885,Summer,65.6,61.0,56.00000000000001,0.57
33638,1991-11-16,38.51689,-90.16501,Fall,48.2,47.0,100.0,0.32
33859,1987-07-11,41.42741,-88.71402,Summer,84.3,69.5,70.0,0.52
33908,1995-07-05,48.92928,-122.2638,Summer,62.6,52.7,69.0,0.25
34312,2006-08-15,43.689,-86.376,Summer,62.4,54.0,4.0,0.73
34337,2008-11-15,38.0735,-77.2265,Fall,56.6,58.7,92.0,0.59
34479,2007-03-15,47.6633,-122.1253,Spring,46.2,34.5,67.0,0.88
34664,2012-03-19,40.24786,-81.15179,Spring,68.2,56.2,49.0,0.92
34710,2012-03-20,46.78571,-122.7515,Spring,38.8,37.4,93.0,0.94
34725,2003-08-16,38.06181,-82.69125,Summer,76.3,72.3,38.0,0.65
34787,1983-08-25,28.40593,-81.5547,Summer,81.0,76.0,86.0,0.56
35079,2020-03-04,40.30824,-81.24778,Spring,39.8,33.5,20.0,0.33
35114,1988-09-16,36.2635,-83.918,Summer,70.2,68.4,98.0,0.17
35184,2017-08-15,45.0255,-89.02036,Summer,66.0,56.8,42.0,0.78
35206,2010-10-02,38.18881,-88.83003,Fall,50.7,44.4,32.0,0.81
35236,2012-05-01,39.2065,-86.22125,Spring,72.0,62.3,83.0,0.34
35474,2011-09-18,29.47529,-81.78307,Fall,78.2,70.8,67.0,0.69
35475,2012-05-21,33.41574,-88.12475,Summer,70.7,64.4,40.0,0.02
35477,1970-05-15,39.14588,-77.67422,Spring,59.8,54.5,99.0,0.32
35479,2010-09-15,45.86883,-121.4813,Fall,64.3,49.7,32.0,0.27
35574,2012-05-28,28.91605,-81.32394,Spring,78.9,71.2,45.0,0.25
35593,2012-05-29,41.63039,-87.86476,Spring,68.6,49.3,30.0,0.29
35631,2012-05-30,31.62608,-84.16016,Summer,79.3,65.7,10.0,0.32
35669,2012-06-02,47.19006,-124.199,Spring,52.4,46.9,78.0,0.44
35769,2011-08-26,28.13136,-81.00677,Summer,85.1,74.5,38.0,0.91
35883,2010-04-15,41.7822,-91.57033,Spring,66.8,50.9,20.0,0.04
35981,2011-06-10,36.932,-80.89,Summer,74.1,62.3,6.0,0.31
36011,1987-03-19,34.38638,-98.99414,Spring,61.4,44.8,74.0,0.64
36072,2011-10-14,36.62492,-81.48593,Fall,49.7,44.1,64.0,0.58
36218,1995-03-15,25.39544,-80.59502,Spring,71.9,59.9,40.0,0.45
36230,2011-11-20,38.24361,-85.03827,Fall,55.8,55.1,98.0,0.83
36306,2011-03-05,37.71917,-89.48784,Spring,37.7,40.2,100.0,0.03
36326,2004-07-15,47.08824,-123.7194,Summer,64.3,55.6,93.0,0.95
36381,2012-09-01,42.51519,-87.52243,Summer,72.3,62.6,39.0,0.54
36406,2012-08-09,40.45273,-90.79664,Summer,72.0,66.0,42.0,0.75
36498,2012-09-13,33.33171,-93.98622,Summer,76.1,67.3,41.0,0.91
36514,2012-09-21,42.50969,-90.84215,Fall,47.6,46.0,82.0,0.21
36826,2012-10-27,28.54293,-80.94411,Fall,67.0,63.4,71.0,0.43
37307,2000-09-02,48.0744,-121.7915,Summer,48.7,45.3,83.0,0.16
37386,2012-11-13,38.71,-75.36536,Fall,42.7,44.2,92.0,0.99
37522,1980-11-08,39.8732,-88.9813,Winter,56.6,43.8,77.0,0.03
37553,1974-03-15,42.225,-85.6885,Spring,36.3,28.7,100.0,0.74
37692,2010-03-02,40.36207,-81.18504,Summer,32.1,26.0,97.0,0.59
37730,2008-01-02,47.09762,-122.5368,Winter,43.7,38.6,93.0,0.82
37793,2021-02-03,40.40192,-81.08803,Fall,20.2,19.0,73.0,0.73
37797,2010-08-01,44.73109,-86.11156,Summer,71.6,63.9,44.0,0.7
37862,2011-12-15,33.40425,-91.48295,Winter,53.5,59.1,94.0,0.67
37885,2010-06-10,48.10255,-122.2763,Spring,56.5,50.1,96.0,0.94
38015,2012-12-04,36.14065,-92.52505,Winter,44.8,50.4,52.0,0.69
38224,2012-12-11,48.11308,-122.1375,Winter,42.1,40.5,100.0,0.94
38386,2000-10-01,42.12302,-72.89154,Fall,56.4,46.9,38.0,0.13
38395,2012-12-20,41.53346,-87.75156,Winter,37.6,39.0,100.0,0.26
38411,2000-07-15,38.3331,-79.35755,Summer,65.7,61.7,32.0,0.47
38413,2012-10-15,47.06045,-122.157,Fall,53.4,55.5,92.0,0.01
38619,2012-12-24,37.64224,-79.79759,Winter,37.5,33.5,77.0,0.39
38873,2012-07-15,34.05198,-85.16238,Summer,78.7,71.6,27.0,0.89
39025,1986-09-15,48.00503,-122.911,Fall,53.8,46.3,66.0,0.42
39031,2009-10-15,43.89418,-87.94178,Fall,38.4,33.7,100.0,0.91
39084,2013-01-16,39.40458,-87.7313,Winter,32.5,23.7,49.0,0.18
39098,2012-10-04,39.73333,-89.61281,Fall,62.4,53.0,38.0,0.64
39121,1999-02-15,38.676,-75.18375,Winter,38.4,17.9,0.0,0.98
39329,2015-10-02,41.17838,-74.52625,Fall,46.8,44.1,82.0,0.67
39812,2000-07-15,38.9706,-79.4123,Summer,62.4,59.5,64.0,0.47
39851,2010-08-14,41.53346,-87.75156,Summer,80.2,71.2,31.0,0.17
40019,2013-02-23,29.96828,-81.4048,Winter,72.5,64.8,69.0,0.43
40075,2013-02-26,40.67577,-89.60034,Winter,32.5,30.9,93.0,0.53
40120,2013-03-01,37.61335,-89.15173,Winter,31.7,30.3,100.0,0.63
40177,2013-10-15,36.39835,-93.14626,Fall,55.2,58.5,99.0,0.39
40204,2013-04-11,44.2725,-83.89001,Spring,31.4,27.1,86.0,0.04
40306,2013-03-08,38.5229,-94.19245,Winter,48.7,34.3,26.0,0.89
40362,2012-08-15,37.15814,-80.36054,Summer,66.7,63.7,34.0,0.93
40462,2012-12-29,39.70852,-75.38251,Winter,33.4,28.2,82.0,0.54
40618,2013-03-24,30.54079,-84.91096,Winter,61.6,62.7,57.99999999999999,0.41
40619,2013-03-16,39.6543,-83.7278,Winter,42.6,38.8,72.0,0.16
40715,2012-03-24,41.11447,-80.14099,Spring,59.1,57.6,90.0,0.07
40718,2011-10-28,42.95915,-89.6816,Fall,43.6,31.4,35.0,0.07
40901,2013-02-24,28.96416,-81.21989,Winter,68.1,65.6,61.0,0.46
40995,2009-07-15,40.45428,-90.78947,Summer,75.0,67.6,40.0,0.76
41012,2013-04-27,39.30745,-94.59565,Spring,47.2,47.2,96.0,0.57
41169,2013-05-10,33.95003,-85.35133,Spring,66.7,57.9,22.0,0.02
41195,2013-05-19,38.524,-94.1927,Spring,72.6,65.1,48.0,0.3
41270,2013-05-27,40.59307,-82.14194,Spring,59.1,43.5,42.0,0.59
41275,2013-05-23,28.45247,-81.01299,Spring,78.5,70.1,23.0,0.44
41309,2013-04-29,28.525,-81.95499,Summer,76.7,64.1,43.0,0.64
41427,1994-08-23,36.66887,-93.29459,Summer,74.9,61.3,44.0,0.58
41452,2013-06-17,40.12719,-81.50403,Summer,72.9,64.7,41.0,0.29
41503,2012-06-12,29.97917,-81.85223,Summer,82.1,72.1,34.0,0.79
41506,2013-06-26,35.78043,-81.77603,Summer,77.7,66.3,26.0,0.62
41514,2013-06-26,45.941,-89.21035,Summer,74.8,65.7,66.0,0.62
41739,2003-04-15,34.9533,-81.56005,Spring,64.9,53.8,2.0,0.46
41770,2013-07-31,44.68047,-83.61314,Summer,62.8,59.6,73.0,0.81
41774,2013-06-25,41.22248,-81.91616,Summer,77.6,68.5,43.0,0.58
41827,2009-02-15,36.38605,-92.30614,Winter,33.0,25.6,69.0,0.71
41935,2013-08-05,38.68775,-105.047,Summer,65.0,48.4,24.0,0.96
42022,2013-04-13,41.11417,-82.07824,Spring,37.8,33.7,92.0,0.11
42056,2013-09-02,44.83369,-85.72845,Summer,58.0,52.5,100.0,0.91
42064,2013-08-31,38.57716,-79.11095,Summer,71.3,67.5,40.0,0.85
42295,2013-06-28,48.1316,-92.296,Summer,64.4,60.9,87.0,0.69
42304,2013-09-21,47.61922,-123.1592,Fall,52.1,50.4,86.0,0.58
42352,2004-10-29,43.0,-124.43,Fall,54.2,47.7,55.00000000000001,0.56
42448,2013-09-30,47.0562,-124.0556,Fall,52.3,48.6,84.0,0.86
42473,2013-11-02,30.7114,-94.04529,Fall,57.6,49.0,13.0,0.97
42580,2012-08-17,35.56577,-79.75537,Summer,76.5,65.8,20.0,0.99
42647,2013-11-02,48.74915,-116.8415,Fall,38.6,36.2,85.0,0.97
42736,1986-10-17,48.93228,-121.9995,Fall,43.1,42.1,97.0,0.5
43122,2013-12-27,42.82445,-90.24295,Fall,30.9,21.4,52.0,0.83
43145,2005-10-22,45.78247,-87.326,Fall,41.0,41.1,93.0,0.68
43193,2013-11-30,37.603,-81.2625,Fall,32.8,21.7,0.0,0.91
43211,2000-06-10,43.85809,-89.81407,Summer,76.8,68.5,47.0,0.3
43319,2014-05-14,39.34657,-90.1173,Winter,49.9,45.3,48.0,0.49
43348,2014-05-14,39.30525,-90.0933,Summer,50.0,46.2,61.0,0.49
43611,2014-01-05,34.81182,-84.3453,Winter,33.6,40.8,98.0,0.16
43619,2014-05-12,40.9119,-90.928,Spring,69.4,67.3,53.0,0.43
44003,2014-05-14,37.63264,-89.17177,Spring,48.9,49.8,100.0,0.49
44262,2014-02-15,41.85256,-80.96186,Winter,13.8,12.9,84.0,0.52
44263,2013-06-25,42.09091,-71.42092,Summer,79.9,68.0,19.0,0.58
44401,2014-02-09,40.33838,-105.5728,Winter,20.4,19.1,99.0,0.34
44429,2014-04-04,42.03477,-93.92304,Fall,33.1,29.6,91.0,0.17
44489,2003-07-01,47.8465,-122.1357,Summer,57.6,46.4,57.99999999999999,0.06
44644,2014-05-12,38.87531,-87.90503,Summer,74.9,69.3,42.0,0.43
44649,2014-05-12,41.72264,-89.80784,Fall,68.5,66.8,59.0,0.43
44793,2011-08-11,47.39974,-94.41713,Summer,71.1,57.9,31.0,0.44
44849,2014-12-27,33.37095,-87.6942,Spring,54.1,47.7,94.0,0.21
44946,2014-05-02,47.34072,-122.0775,Spring,58.1,49.1,38.0,0.12
45041,2014-05-14,41.63289,-87.79683,Summer,48.5,42.3,91.0,0.49
45137,2001-01-20,26.9745,-82.1475,Winter,49.2,57.2,60.0,0.88
45296,2014-06-09,34.00806,-86.96416,Summer,74.5,68.3,38.0,0.38
45423,2002-05-15,47.41184,-123.3212,Spring,46.0,38.0,61.0,0.11
45566,2013-12-15,27.45883,-80.79379,Winter,64.4,68.2,69.0,0.45
45570,2014-04-03,38.90323,-78.48832,Spring,57.7,47.4,85.0,0.14
45572,2000-10-21,44.50587,-85.51546,Fall,46.8,39.4,21.0,0.8
45903,2013-05-18,39.69191,-74.55341,Spring,60.4,52.1,89.0,0.27
45958,2012-10-19,41.07374,-80.12229,Fall,54.6,42.0,71.0,0.15
45976,2000-09-01,42.20901,-84.53098,Fall,78.7,70.0,14.000000000000002,0.12
46330,2014-08-20,34.28665,-117.3395,Summer,66.9,50.2,38.0,0.85
46439,2014-09-05,41.12409,-90.16382,Summer,70.2,68.4,47.0,0.37
46520,2014-03-15,46.96114,-124.1526,Spring,49.1,46.6,92.0,0.47
46534,2014-09-05,41.78913,-84.53609,Summer,77.5,69.9,30.0,0.37
46604,2014-08-15,29.97454,-81.55172,Summer,79.7,74.5,28.999999999999996,0.68
46780,2015-04-20,42.64809,-72.91994,Summer,44.5,37.2,82.0,0.07
46795,2014-10-12,38.77741,-105.9111,Fall,32.1,28.1,66.0,0.65
46817,2014-10-23,47.47025,-92.75357,Fall,49.3,44.7,67.0,0.99
46834,2008-06-14,40.73206,-80.61996,Summer,65.7,66.0,78.0,0.38
47021,2014-09-09,27.19995,-81.98468,Fall,81.3,73.7,24.0,0.52
47249,2015-01-12,40.9474,-90.4429,Summer,9.3,10.4,31.0,0.73
47412,2014-12-27,39.2038,-89.9758,Winter,38.7,39.5,100.0,0.21
47460,2005-01-13,38.8609,-79.55928,Winter,47.2,48.9,61.0,0.12
47469,2015-01-02,39.8352,-88.47835,Unknown,35.7,24.6,59.0,0.42
47499,2015-01-02,33.25,-95.84,Fall,41.0,38.2,100.0,0.42
47649,2005-07-15,40.625,-90.3832,Summer,78.4,63.4,3.0,0.29
47702,2015-01-09,29.52533,-98.15854,Winter,36.4,29.4,100.0,0.64
48013,1978-10-15,41.21365,-80.26563,Fall,40.2,33.1,63.0,0.48
48086,2011-10-19,33.94979,-84.82338,Fall,48.6,48.6,100.0,0.74
48101,2016-08-13,41.68669,-73.35194,Winter,82.0,74.6,22.0,0.34
48575,2015-05-01,40.94997,-80.07443,Spring,53.0,43.4,51.0,0.42
48665,2015-05-11,30.74715,-91.76733,Spring,74.3,70.2,56.00000000000001,0.76
48930,2015-06-03,47.76524,-94.07877,Spring,61.8,58.9,84.0,0.54
49084,1975-06-20,25.54494,-80.47805,Spring,77.3,72.9,77.0,0.4
49096,2015-06-23,41.29453,-74.68758,Summer,70.4,67.9,20.0,0.23
49148,2015-06-29,30.0326,-83.52959,Summer,82.0,72.4,54.0,0.41
49512,2015-04-09,41.85164,-70.95207,Spring,38.1,34.8,100.0,0.67
49614,2015-08-24,41.06939,-82.36591,Summer,64.0,55.5,41.0,0.31
49653,2020-08-14,40.29771,-80.75612,Fall,78.7,67.0,38.0,0.86
49664,2015-08-30,48.03062,-117.5429,Summer,56.6,46.1,51.0,0.54
49746,2015-09-09,37.38661,-79.55045,Fall,78.2,68.7,34.0,0.89
49813,1985-08-15,41.40985,-82.11172,Summer,74.1,68.1,95.0,0.97
49869,2014-11-20,46.86113,-122.2669,Fall,47.2,43.5,99.0,0.94
49883,2015-10-02,40.89452,-74.79077,Summer,46.7,44.4,93.0,0.67
49903,2006-01-01,41.73315,-78.93985,Unknown,31.6,27.8,97.0,0.06
49906,2015-09-24,35.31331,-80.00272,Summer,68.5,58.3,61.0,0.37
49993,2016-04-05,42.86222,-72.60887,Fall,24.0,8.5,3.0,0.93
50039,2015-09-05,48.18676,-118.0076,Fall,41.8,42.9,99.0,0.76
50123,1978-10-01,40.04755,-80.25645,Fall,56.9,54.6,77.0,0.98
50160,2012-06-01,47.09982,-122.6246,Summer,60.0,57.8,87.0,0.4
50178,2014-01-14,33.89833,-86.84557,Summer,48.0,39.3,38.0,0.46
50214,2015-11-11,47.34805,-122.741,Fall,46.7,41.7,45.0,0.01
50297,2015-11-26,45.7922,-111.3637,Summer,12.9,1.5,8.0,0.54
50318,2015-10-21,38.05344,-82.5446,Fall,61.4,42.4,2.0,0.29
50341,2015-11-21,37.4351,-89.30203,Fall,33.2,30.0,73.0,0.35
50393,2015-12-01,40.01209,-82.13298,Fall,49.2,49.5,84.0,0.7
50462,2015-09-26,28.20249,-81.45163,Fall,82.0,74.6,35.0,0.45
50502,2013-11-12,38.27372,-89.21439,Fall,26.9,22.5,32.0,0.34
50541,2015-12-28,35.34737,-91.60007,Winter,43.9,39.7,95.0,0.61
50589,2002-08-08,38.44367,-79.1347,Summer,64.3,55.0,21.0,0.99
50746,2015-12-22,37.53918,-83.46014,Winter,59.5,54.8,72.0,0.4
50756,2015-06-15,36.22935,-95.2419,Summer,75.2,71.5,49.0,0.97
50856,2020-02-29,40.40611,-81.13733,Fall,24.9,13.5,33.0,0.2
50901,2016-01-20,44.05917,-122.9343,Winter,47.3,40.1,89.0,0.39
51005,2016-01-30,44.6908,-69.3614,Fall,33.8,25.5,74.0,0.71
51044,2015-07-14,30.1766,-85.8055,Summer,85.6,77.4,12.0,0.96
51283,2010-06-05,41.51954,-78.87955,Summer,71.0,64.4,77.0,0.77
51417,2016-03-14,41.53887,-87.62597,Fall,48.7,45.6,99.0,0.21
51530,1988-07-13,33.32237,-116.8782,Summer,55.5,52.3,63.0,0.01
51612,2015-06-17,33.675,-98.225,Summer,71.6,70.6,91.0,0.04
51678,2015-11-30,42.33531,-90.93558,Fall,35.9,33.9,100.0,0.67
51739,1990-09-09,38.31738,-82.51773,Fall,75.8,68.8,84.0,0.66
51869,2015-08-17,35.8525,-80.6585,Summer,80.5,68.9,31.0,0.1
51959,2016-05-30,45.61331,-110.7897,Spring,44.1,34.4,65.0,0.8
51994,2016-05-29,47.07405,-122.4428,Spring,53.3,49.5,73.0,0.76
55144,2015-11-12,40.09169,-87.71541,Fall,44.6,39.7,56.00000000000001,0.03
55224,1996-06-29,38.43189,-89.87113,Summer,82.9,68.4,40.0,0.44
55225,1997-11-12,36.589,-93.3945,Fall,35.4,33.7,100.0,0.43
55269,2016-06-07,43.41549,-72.33093,Summer,64.2,54.6,61.0,0.1
55306,2016-08-02,36.9846,-80.3755,Summer,74.4,69.3,71.0,0.99
55376,2003-12-15,36.37399,-92.27071,Winter,47.1,39.1,41.0,0.72
55386,2016-08-16,41.02524,-89.45454,Fall,76.7,69.2,47.0,0.44
55541,2016-09-06,44.48875,-83.88607,Summer,78.9,69.1,24.0,0.17
55554,2016-09-06,38.18933,-80.2522,Fall,68.8,58.0,35.0,0.18
55573,1976-06-15,43.55,-86.325,Unknown,68.4,62.4,59.0,0.62
55574,2016-09-11,29.23723,-83.00198,Fall,83.1,75.2,26.0,0.32
55934,2017-01-20,39.4383,-89.86021,Fall,49.5,45.7,96.0,0.77
55961,2016-11-16,39.22348,-74.69759,Fall,53.5,39.7,34.0,0.58
56061,2016-12-03,33.81871,-85.10207,Winter,47.7,36.1,47.0,0.13
56168,2017-01-20,38.66736,-89.87602,Fall,52.1,48.4,83.0,0.77
56293,2015-09-11,42.07867,-73.38644,Fall,65.4,61.1,67.0,0.95
56332,2017-01-08,47.73081,-117.159,Winter,23.1,20.2,95.0,0.37
56576,2017-01-21,31.368,-92.422,Winter,62.4,61.2,51.0,0.8
56586,2017-01-21,38.965,-82.905,Winter,51.9,47.5,38.0,0.81
56798,2017-02-14,43.2045,-70.81187,Winter,26.2,16.1,9.0,0.63
56800,2017-02-12,40.14003,-81.49033,Winter,43.6,42.0,85.0,0.56
56826,2014-07-14,35.93985,-100.6767,Summer,78.2,66.6,34.0,0.58
56932,2016-01-27,47.20113,-121.0161,Winter,38.6,32.5,100.0,0.62
56937,2012-05-16,36.469,-91.154,Spring,71.6,55.1,4.0,0.88
56957,2001-10-17,40.68514,-81.02382,Fall,36.6,31.2,73.0,0.04
57248,2011-02-15,46.97822,-116.923,Winter,34.3,33.3,99.0,0.42
57303,2000-05-18,38.33912,-89.35323,Spring,68.2,63.4,53.0,0.52
57323,2012-11-07,45.66721,-118.7056,Winter,42.4,36.7,32.0,0.78
57435,2001-03-16,36.94679,-94.71512,Winter,35.4,32.0,75.0,0.76
57712,2015-10-30,32.31565,-95.48672,Fall,64.0,57.9,69.0,0.62
57781,2017-02-25,47.82243,-124.195,Winter,37.8,29.0,59.0,0.97
57880,2013-10-29,37.56937,-89.36241,Fall,57.3,50.6,70.0,0.83
57884,2017-07-10,27.35273,-82.22301,Summer,82.4,73.9,23.0,0.54
57935,2018-02-13,31.18523,-95.89323,Summer,45.0,39.8,99.0,0.93
57991,2017-08-02,27.93991,-81.67247,Summer,80.2,74.2,32.0,0.34
57998,2017-10-06,43.00972,-76.10047,Summer,63.8,55.9,91.0,0.53
58004,1982-08-24,45.43806,-118.0883,Summer,53.9,35.7,0.0,0.2
58092,2000-05-01,38.93704,-92.32704,Spring,67.1,56.4,71.0,0.91
58458,2017-10-28,41.29247,-83.05098,Fall,40.0,34.9,95.0,0.28
58702,2013-11-12,40.94825,-80.69776,Fall,30.1,26.0,77.0,0.34
58819,2018-07-30,45.63061,-92.12408,Fall,66.6,54.4,10.0,0.59
58855,2017-12-20,33.04,-97.18,Fall,55.1,53.0,61.0,0.08
58937,2018-02-12,36.72415,-93.11722,Winter,36.7,17.4,28.999999999999996,0.9
59073,2013-11-12,37.56937,-89.36241,Fall,27.5,23.2,45.0,0.34
59078,2018-01-21,40.10975,-80.85938,Winter,46.6,39.7,100.0,0.14
59102,2017-07-29,38.9695,-79.7625,Summer,59.5,59.1,90.0,0.22
59279,2018-04-06,48.48157,-122.1845,Spring,55.6,49.8,88.0,0.71
59307,2018-04-14,37.46041,-92.63587,Spring,40.5,39.6,66.0,0.95
59343,2014-10-15,45.2704,-113.8186,Fall,51.5,29.9,28.999999999999996,0.75
59414,2003-05-16,35.68081,-97.26022,Summer,65.0,63.3,88.0,0.54
59421,2018-05-06,45.95919,-91.30911,Spring,57.7,38.1,28.000000000000004,0.71
59520,2002-08-14,36.1655,-93.5515,Summer,71.2,64.3,85.0,0.22
59590,2018-05-30,46.06728,-87.15701,Spring,69.0,60.2,36.0,0.54
59607,2018-06-19,46.93335,-113.8334,Summer,50.4,47.5,89.0,0.24
59650,2018-06-27,44.56203,-83.45052,Summer,60.9,58.1,89.0,0.49
59659,2018-06-30,45.90015,-90.43416,Summer,77.8,72.8,51.0,0.58
59736,2006-06-17,35.738,-90.1355,Summer,77.7,68.8,37.0,0.72
59838,2018-08-07,43.55915,-73.34116,Summer,78.6,69.2,31.0,0.86
59858,2017-08-15,29.27043,-81.69337,Summer,82.1,76.1,23.0,0.79
60877,2018-08-23,39.4191,-105.7065,Summer,51.2,34.0,28.000000000000004,0.42
60892,2018-08-04,41.42178,-72.85863,Summer,74.6,72.5,71.0,0.75
61038,2018-09-30,47.2255,-121.805,Fall,51.0,43.8,95.0,0.7
61107,2021-11-08,46.75905,-115.8545,Fall,37.3,26.7,28.000000000000004,0.17
61108,2018-10-20,38.195,-82.868,Fall,48.4,45.9,94.0,0.37
61150,2010-07-13,42.00356,-73.32587,Summer,75.2,68.8,79.0,0.07
62354,2018-09-15,48.92982,-122.2018,Summer,50.7,48.5,95.0,0.21
62403,2018-09-15,48.56245,-121.8588,Summer,53.0,47.9,90.0,0.21
62405,1995-06-16,37.274,-94.93115,Summer,75.8,65.6,28.999999999999996,0.63
62549,2020-02-16,40.30527,-80.93864,Winter,32.5,26.0,50.0,0.79
62558,2019-07-25,46.92417,-92.83774,Fall,72.2,59.2,15.0,0.78
62930,2003-07-11,39.1175,-93.4025,Summer,77.0,62.3,31.0,0.44
62969,2019-06-12,47.98521,-113.9818,Spring,64.8,47.0,0.0,0.35
63091,2019-07-09,45.63092,-90.02283,Summer,76.0,61.4,24.0,0.27
63140,2020-02-06,40.16912,-80.62003,Summer,34.7,34.8,100.0,0.42
63153,2019-07-25,39.41087,-106.1444,Summer,49.7,43.3,77.0,0.78
63235,2019-06-20,39.7784,-74.54086,Summer,77.2,72.7,78.0,0.62
63252,2016-12-24,35.6644,-81.78065,Winter,55.1,40.3,76.0,0.87
63279,2013-07-23,42.06832,-78.7492,Summer,68.1,64.6,80.0,0.55
63286,2000-06-10,35.325,-95.0585,Summer,75.5,70.3,65.0,0.32
63451,2017-01-21,48.90147,-122.3347,Winter,43.2,38.1,84.0,0.82
63492,2018-07-30,34.125,-98.105,Summer,78.3,68.8,43.0,0.6
63569,2008-07-25,40.45815,-74.77675,Summer,73.7,58.1,12.0,0.76
63645,2019-11-02,40.01142,-123.9122,Fall,57.7,35.9,0.0,0.21
63665,2019-11-18,31.1659,-94.1679,Fall,57.7,42.8,1.0,0.72
63731,2019-10-06,41.38622,-72.60558,Fall,67.4,53.3,55.00000000000001,0.29
63795,1994-11-04,38.53062,-89.89167,Winter,64.0,64.4,100.0,0.06
63863,2009-10-15,37.34592,-81.8074,Fall,53.4,51.1,71.0,0.92
63900,2021-01-15,46.9805,-121.7464,Summer,32.0,32.8,79.0,0.1
63981,2020-01-20,39.6279,-82.83647,Winter,20.0,12.2,53.0,0.87
64024,2020-01-31,35.33783,-83.52992,Winter,40.2,38.0,81.0,0.22
64064,2014-06-12,39.30023,-105.6723,Spring,51.9,35.4,45.0,0.5
64096,2014-04-27,38.485,-92.225,Spring,65.6,56.2,54.0,0.96
64180,2020-02-15,48.22407,-116.8768,Spring,35.6,29.8,87.0,0.76
65276,2017-10-07,48.73665,-116.8596,Fall,42.6,30.6,78.0,0.59
65284,2020-04-03,34.4415,-94.4325,Spring,54.7,54.5,78.0,0.34
65295,2020-01-04,45.75957,-121.6267,Winter,40.8,38.5,61.0,0.31
65305,2020-04-11,40.10084,-81.14331,Spring,48.2,29.0,18.0,0.65
65366,2020-04-18,33.2,-96.17,Summer,64.8,46.8,43.0,0.88
65369,2019-07-13,47.19253,-116.0776,Summer,71.4,50.8,28.999999999999996,0.41
65388,2020-04-24,46.4125,-122.182,Spring,44.8,39.4,78.0,0.06
65393,2020-04-12,39.42606,-84.10463,Spring,59.2,45.4,72.0,0.69
65423,2019-10-15,37.29734,-79.85085,Fall,62.3,42.5,16.0,0.57
65451,2016-10-01,47.0709,-124.166,Fall,53.7,49.8,98.0,0.04
65464,2020-05-15,45.74796,-122.2389,Spring,48.5,40.0,65.0,0.8
65469,2020-05-17,41.49887,-73.59659,Spring,61.2,48.7,64.0,0.86
65536,2020-05-09,39.24841,-86.33011,Spring,49.0,25.2,5.0,0.6
65538,2020-05-24,46.71444,-121.5406,Spring,53.1,43.5,98.0,0.08
65588,2019-06-27,44.21694,-103.7742,Summer,68.0,51.6,8.0,0.83
65589,2020-06-12,38.71342,-86.04386,Summer,72.4,54.7,2.0,0.74
65641,2017-08-19,48.84984,-122.1455,Summer,61.8,51.6,45.0,0.94
65650,2015-10-31,47.49488,-121.7555,Fall,52.2,52.3,95.0,0.67
65654,2020-04-20,35.8823,-84.88694,Spring,57.4,43.8,37.0,0.94
65664,2020-04-15,47.43904,-115.6545,Spring,30.5,25.9,79.0,0.79
65667,2020-06-30,48.11949,-124.5989,Summer,56.8,51.5,84.0,0.35
65677,2020-06-18,35.24749,-79.97967,Summer,71.7,63.8,45.0,0.93
65679,2020-04-16,31.24305,-88.31126,Spring,61.1,36.8,7.000000000000001,0.82
65691,2016-08-01,36.9897,-89.25555,Summer,80.0,73.8,44.0,0.97
65734,1998-04-02,42.32359,-72.43863,Spring,43.3,41.6,99.0,0.22
65795,2020-07-21,38.32304,-88.96978,Summer,81.0,75.5,51.0,0.05
65807,1977-10-15,47.72142,-124.3985,Fall,52.2,46.2,56.99999999999999,0.13
65808,2020-07-23,38.46156,-94.14297,Summer,82.1,73.8,11.0,0.12
65849,2020-07-28,37.97761,-119.1291,Summer,69.9,41.3,4.0,0.31
65867,2020-08-01,43.39116,-82.53918,Summer,73.8,67.1,42.0,0.45
65870,2020-05-14,38.4125,-92.1855,Spring,70.0,64.8,56.99999999999999,0.77
65880,2020-04-11,40.60946,-80.3293,Spring,46.8,28.9,19.0,0.65
65924,2020-08-08,47.23444,-115.6292,Summer,63.4,46.2,40.0,0.67
65943,2020-08-15,36.56304,-118.7729,Summer,77.7,46.1,36.0,0.89
65970,2020-08-12,45.45024,-118.3243,Summer,55.6,39.2,53.0,0.79
65996,2020-08-26,42.30283,-72.53766,Summer,65.3,46.0,19.0,0.3
66003,2020-09-02,47.75026,-117.5152,Summer,73.0,49.2,6.0,0.53
66063,2020-08-08,38.521,-94.188,Summer,81.4,74.4,42.0,0.67
66109,2020-09-26,44.34113,-70.61507,Fall,67.4,52.6,16.0,0.35
66120,2020-09-23,46.1725,-121.9305,Fall,51.0,50.0,82.0,0.25
66158,2020-10-05,37.46392,-92.52242,Fall,57.6,37.8,0.0,0.63
66182,2020-10-12,37.59461,-86.13757,Fall,61.9,64.0,74.0,0.85
66198,2020-10-16,36.37919,-95.80589,Fall,59.4,30.9,9.0,0.01
66224,2020-10-19,45.04943,-68.63222,Fall,52.4,39.2,46.0,0.13
67192,2020-10-15,47.23455,-116.7369,Summer,45.1,30.8,30.0,0.97
67199,2020-10-23,32.66908,-98.03284,Fall,56.4,54.1,71.0,0.27
67219,2020-10-31,34.39092,-81.54448,Fall,58.8,44.2,38.0,0.51
67232,2020-10-22,37.33226,-76.70926,Fall,69.0,63.8,75.0,0.23
67239,2020-10-31,39.59607,-82.35291,Fall,49.1,31.6,3.0,0.51
67335,2020-11-12,44.78159,-68.2283,Fall,45.7,46.0,96.0,0.92
67380,2020-04-15,43.27402,-123.9834,Spring,52.8,47.4,74.0,0.79
67381,2020-11-09,47.87965,-91.97748,Fall,36.4,40.2,81.0,0.8
67401,2020-10-09,46.75473,-116.4292,Fall,57.9,44.2,24.0,0.75
67407,2020-12-16,46.13657,-122.1692,Fall,38.9,37.4,99.0,0.09
67412,2020-12-26,30.6098,-86.4945,Winter,42.2,17.8,0.0,0.41
67423,2020-06-15,33.64341,-85.41961,Summer,69.0,60.3,22.0,0.83
67451,2021-01-13,47.18806,-120.554,Fall,27.5,23.7,60.0,0.04
67472,2020-08-20,47.89745,-122.8345,Summer,69.7,61.7,57.99999999999999,0.08
67485,2021-01-09,37.75926,-79.5912,Winter,35.4,21.1,16.0,0.89
67486,2021-01-09,42.38553,-88.35001,Winter,28.2,22.7,78.0,0.89
67540,2014-04-15,35.25048,-79.86721,Spring,51.7,57.9,87.0,0.52
67551,2020-05-01,38.71954,-106.2384,Spring,49.1,19.9,6.0,0.3
67556,2021-01-23,40.03527,-123.7876,Winter,47.8,39.5,18.0,0.35
67585,2020-12-15,47.74207,-117.5302,Winter,35.8,32.2,99.0,0.06
67590,2021-01-28,30.68441,-86.55637,Winter,44.6,34.2,7.000000000000001,0.51
67602,2021-01-30,45.69347,-87.74364,Winter,27.5,16.1,95.0,0.58
67619,2020-10-17,48.57989,-117.5888,Fall,40.3,32.3,66.0,0.05
67746,2020-10-26,34.0775,-94.4095,Fall,51.6,50.8,99.0,0.36
67749,2019-11-18,36.0055,-81.08335,Winter,42.1,42.2,98.0,0.72
67875,2020-02-15,39.63255,-82.26463,Fall,36.2,10.2,36.0,0.75
68896,2020-10-15,42.67993,-77.29334,Fall,61.0,47.0,63.0,0.97
68899,2018-12-15,33.37111,-84.508,Fall,50.3,46.9,99.0,0.27
68932,2012-11-15,42.33473,-77.29253,Fall,32.9,24.0,6.0,0.08
69015,2017-06-24,30.77532,-97.93719,Summer,76.6,70.8,48.0,0.04
69049,2021-05-21,47.64581,-120.607,Spring,53.3,41.7,52.0,0.33
69052,2019-12-20,32.5754,-81.78378,Winter,52.0,20.9,23.0,0.82
69065,2021-04-24,40.8557,-82.26972,Spring,52.9,38.0,63.0,0.42
69193,2021-05-17,37.56215,-97.85428,Spring,68.3,60.6,77.0,0.19
69269,2021-05-30,35.53467,-83.17152,Spring,51.9,44.3,61.0,0.67
69270,2021-05-31,47.79538,-120.6295,Spring,67.9,52.7,36.0,0.71
69315,2021-06-06,41.0312,-123.669,Spring,55.7,47.2,50.0,0.9
69316,2021-06-11,39.83804,-93.6515,Summer,81.5,72.2,39.0,0.05
69321,2021-06-13,37.44508,-88.36589,Summer,77.5,73.7,28.999999999999996,0.11
69323,2021-06-10,35.175,-109.25,Summer,70.8,6.2,19.0,0.02
69394,2021-06-12,38.02372,-107.193,Summer,59.5,9.2,12.0,0.08
69398,2021-07-06,40.01452,-81.34529,Fall,80.4,72.1,20.0,0.91
69411,2021-06-09,40.81139,-82.26806,Summer,72.3,69.3,73.0,0.99
69433,2019-07-15,35.53467,-83.17152,Spring,67.5,63.6,51.0,0.47
69437,2020-07-20,36.90237,-106.5784,Summer,67.5,47.1,11.0,0.01
69464,2016-06-15,35.2725,-82.65414,Spring,75.1,68.6,56.99999999999999,0.36
69469,2021-07-17,40.91197,-80.70913,Summer,67.8,68.2,95.0,0.27
69490,2021-07-24,40.36887,-80.81801,Summer,77.9,65.1,47.0,0.53
69503,2021-07-26,37.17433,-82.39963,Summer,76.5,72.9,61.0,0.61
69553,2021-08-27,47.21551,-120.9383,Summer,55.8,49.0,33.0,0.69
69564,2021-08-12,40.33498,-77.85934,Summer,83.8,73.6,28.000000000000004,0.16
69614,2021-08-27,47.52877,-122.7197,Summer,60.2,56.2,68.0,0.69
69641,2021-06-12,35.22149,-87.39061,Summer,79.1,74.8,57.99999999999999,0.08
70692,2008-05-12,38.10263,-81.8075,Spring,49.8,47.4,100.0,0.28
70716,2016-08-15,40.92895,-80.07216,Summer,74.1,71.0,64.0,0.42
70737,2021-10-15,47.34432,-120.9477,Fall,45.0,40.6,89.0,0.36
71700,2021-03-15,33.0932,-79.8102,Spring,61.0,49.4,67.0,0.08
71751,2021-06-18,40.61309,-82.31692,Summer,74.9,64.4,66.0,0.28
71773,2021-10-22,47.97637,-117.7324,Fall,47.2,47.2,97.0,0.58
71792,2021-10-30,35.14947,-81.60892,Fall,55.3,50.4,77.0,0.82
71863,2021-10-29,43.71597,-115.3929,Fall,45.0,38.8,50.0,0.79
71896,2021-11-21,30.31786,-87.64934,Fall,67.1,60.1,45.0,0.58
71920,2021-11-27,40.06831,-90.15218,Fall,39.8,33.2,41.0,0.77
71997,2019-05-28,41.23925,-81.62295,Spring,71.4,65.0,82.0,0.82
