bf_id,full_date,month,latitude,longitude,season,temperature_f,dew_point,cloud_cover,moon_phase
76,2001-08-11,8,36.37139,-92.25139,summer,80.0,69.1,0.33,0.73
77,1983-09-01,9,46.98333,-121.0922,fall,53.3,45.6,0.68,0.8
85,2000-06-08,6,45.03255,-122.4808,summer,53.6,49.6,0.98,0.23
96,1978-06-25,6,43.7827,-123.9599,summer,58.6,52.1,0.83,0.68
97,1992-10-01,10,41.72278,-120.3292,fall,58.3,32.0,0.18,0.19
102,2000-08-19,8,45.7351,-123.466,summer,47.1,48.6,0.77,0.65
113,1975-10-01,10,37.44208,-95.35479,fall,48.7,42.1,0.21,0.87
115,1976-08-15,8,30.98555,-85.6489,summer,83.8,72.0,0.22,0.68
140,1996-08-24,8,38.48959,-107.7,summer,68.2,47.6,0.01,0.35
147,2000-06-15,6,38.93333,-119.9833,summer,64.9,45.0,0.0,0.46
177,1988-10-19,10,39.64175,-111.2186,fall,48.9,28.8,0.0,0.3
179,1981-09-15,9,32.31435,-85.16235,fall,78.5,69.3,0.71,0.55
186,2001-08-11,8,34.55056,-92.34083,summer,82.1,73.4,0.82,0.73
187,2000-07-22,7,45.40023,-122.2777,summer,60.7,56.0,0.94,0.7
191,1984-07-31,7,45.63606,-123.3471,summer,63.3,55.7,0.38,0.12
245,1999-07-15,7,33.28375,-87.32655,summer,78.4,70.5,0.38,0.1
257,2000-09-01,9,39.9784,-84.1735,fall,77.9,71.0,0.48,0.12
273,1994-09-15,9,33.7065,-85.57415,fall,76.6,63.6,0.25,0.36
283,1992-08-29,8,47.5616,-123.1967,summer,56.0,43.8,0.0,0.06
317,1990-04-15,4,36.8207,-88.41175,spring,48.2,43.4,0.74,0.67
348,2000-08-20,8,37.57915,-105.4979,summer,48.1,42.2,0.16,0.68
353,2000-09-23,9,38.9575,-120.0914,fall,44.1,31.4,0.33,0.85
369,2006-05-31,5,41.16,-123.9,spring,59.0,50.5,0.47,0.15
378,2000-07-11,7,39.58157,-82.36887,summer,70.9,68.3,0.55,0.35
391,1999-05-12,5,47.79111,-122.1914,spring,46.7,42.4,0.99,0.9
412,1995-07-05,7,43.94225,-121.3815,summer,64.8,39.7,0.06,0.25
415,1981-10-15,10,35.5035,-89.91499,fall,73.0,60.9,0.94,0.58
416,1983-11-15,11,34.95605,-86.4559,fall,48.3,43.8,0.96,0.34
446,2000-09-22,9,30.2333,-81.52915,fall,78.7,76.8,0.33,0.81
450,2000-09-09,9,35.8934,-81.98335,fall,66.1,61.5,0.3,0.37
451,1993-08-20,8,34.9263,-87.02025,summer,81.6,74.2,0.58,0.11
470,2000-08-23,8,39.1084,-107.0153,summer,53.1,41.8,0.28,0.79
496,1977-08-15,8,37.8597,-91.432,summer,81.9,69.8,0.2,0.02
502,2000-06-17,6,39.01917,-120.8275,summer,76.6,40.3,0.0,0.53
528,1957-06-01,6,40.80222,-124.1625,summer,55.2,50.5,0.18,0.12
529,2000-09-21,9,39.2026,-106.1143,fall,44.0,32.4,0.68,0.78
548,2000-10-30,10,45.06215,-123.7027,fall,48.3,41.8,0.0,0.12
568,1990-09-22,9,46.71,-122.3442,fall,65.5,49.0,0.06,0.12
594,1980-07-15,7,26.08285,-80.21025,summer,83.7,75.0,0.9,0.11
598,2000-10-28,10,29.01175,-82.03495,fall,69.8,54.5,0.0,0.05
606,1986-08-15,8,30.05705,-81.75165,summer,81.5,72.6,0.54,0.35
638,2003-12-15,12,33.24722,-95.77,winter,54.9,46.3,0.38,0.72
690,1998-08-02,8,45.5891,-123.5469,summer,69.0,55.3,0.02,0.32
694,1991-07-15,7,45.3233,-118.2742,summer,57.0,40.6,0.0,0.15
702,1997-11-10,11,45.59669,-123.3768,fall,44.5,37.7,0.49,0.36
717,1981-08-01,8,36.63621,-93.31413,summer,78.6,68.8,0.45,0.06
729,1997-07-25,7,29.19395,-81.9233,summer,83.0,72.3,0.1,0.7
730,1996-09-15,9,30.51295,-86.5065,fall,81.5,70.2,0.59,0.08
733,1998-11-22,11,27.97255,-81.12476,fall,75.0,69.6,0.83,0.11
737,1984-06-15,6,28.3836,-82.6053,summer,81.9,70.8,0.52,0.57
747,1999-10-15,10,28.9935,-80.933,fall,77.0,72.4,0.86,0.19
751,2000-04-21,4,48.25422,-101.3166,spring,59.0,31.0,0.34,0.6
810,1997-11-15,11,43.74,-84.58583,fall,22.5,25.4,0.98,0.54
815,1987-08-15,8,43.26806,-82.53083,summer,82.0,71.2,0.43,0.72
819,1999-09-11,9,38.8922,-105.1058,fall,47.3,43.0,0.58,0.07
878,1989-08-15,8,40.15002,-83.02854,summer,74.0,63.1,0.62,0.44
880,1998-09-28,9,39.21338,-105.0652,fall,60.8,33.0,0.36,0.25
913,2000-07-01,7,38.93,-120.205,summer,51.3,30.6,0.0,0.0
928,1977-05-22,5,47.4644,-120.6705,spring,59.2,30.8,0.5,0.14
933,1989-06-14,6,45.8581,-122.4089,summer,56.2,56.9,1.0,0.35
938,1991-09-15,9,46.37944,-117.9458,fall,63.6,35.8,0.07,0.25
942,1996-04-14,4,47.7442,-122.8994,spring,57.5,37.6,0.28,0.89
956,1982-11-26,11,47.425,-121.4142,fall,22.4,15.6,0.67,0.35
959,1997-10-15,10,47.2475,-123.8886,fall,60.9,54.6,0.62,0.49
980,2001-03-05,3,45.84175,-117.991,spring,30.1,31.0,0.54,0.36
989,1982-01-15,1,30.84015,-86.9648,winter,47.4,29.7,0.41,0.71
1043,1950-05-01,5,45.75056,-121.6508,spring,40.3,40.3,0.85,0.48
1065,2001-03-20,3,45.99215,-118.0811,spring,38.8,30.0,0.0,0.87
1077,1995-04-17,4,47.8925,-122.0111,spring,47.7,39.1,0.96,0.58
1079,1981-10-15,10,28.662,-81.31985,fall,68.5,65.9,0.3,0.58
1105,1997-11-07,11,45.5,-91.71295,fall,36.4,34.8,1.0,0.25
1106,2001-01-04,1,47.9261,-123.3769,winter,28.7,27.2,0.99,0.32
1109,2000-07-15,7,47.29833,-120.3,summer,60.7,40.5,0.0,0.48
1115,1954-06-30,6,38.441,-91.6284,summer,82.5,63.9,0.44,0.01
1116,1998-11-20,11,38.46253,-93.91737,fall,42.4,31.4,0.21,0.05
1117,2000-12-28,12,41.72134,-80.88494,winter,17.1,12.0,1.0,0.09
1118,1997-06-15,6,39.8397,-91.6533,summer,73.0,62.1,0.94,0.33
1131,2000-12-01,12,47.0413,-124.053,winter,46.4,42.9,0.97,0.18
1150,2000-05-31,5,37.8602,-90.0329,spring,77.6,60.4,0.0,0.93
1160,1997-01-01,1,47.14472,-120.7967,winter,41.2,33.6,0.89,0.74
1201,1978-12-01,12,39.52122,-80.37878,winter,42.9,22.7,0.18,0.05
1202,1999-04-20,4,39.54114,-80.11329,spring,47.6,39.3,0.78,0.17
1205,1998-01-28,1,38.87813,-79.3434,winter,31.9,32.0,1.0,0.01
1206,1997-09-23,9,38.95242,-79.42547,fall,50.3,49.7,0.96,0.75
1224,2000-07-15,7,44.96651,-123.7718,summer,46.0,44.2,0.0,0.48
1242,2000-07-14,7,44.48134,-109.5113,summer,82.4,31.3,0.0,0.44
1263,2001-01-16,1,46.03333,-117.9486,winter,21.3,22.1,1.0,0.76
1265,2001-01-04,1,38.53187,-82.7989,winter,29.0,22.9,0.94,0.31
1271,2000-02-15,2,41.62183,-93.63804,winter,38.5,27.7,0.47,0.36
1274,1997-08-09,8,42.50817,-96.40213,summer,67.9,63.1,0.46,0.2
1275,1980-04-15,4,28.6901,-81.5446,spring,63.5,47.9,0.12,0.03
1296,1997-09-28,9,35.70166,-95.70208,fall,61.7,57.4,0.15,0.91
1298,1997-07-07,7,35.74111,-97.479,summer,78.8,67.7,0.45,0.09
1305,1992-03-01,3,34.9575,-98.31556,spring,60.9,40.3,0.43,0.91
1311,1980-07-20,7,39.1489,-96.9614,summer,85.7,63.1,0.68,0.26
1313,1987-11-15,11,32.7817,-93.9467,fall,66.7,62.6,0.98,0.81
1314,1998-10-15,10,38.6234,-94.6837,fall,69.9,60.0,0.05,0.85
1315,2001-01-18,1,39.1463,-96.8223,winter,25.0,22.3,0.48,0.82
1327,1998-05-24,5,37.7715,-97.424,spring,72.0,57.1,0.42,0.96
1338,1973-01-01,1,31.1603,-90.71574,winter,43.9,37.6,0.95,0.91
1344,1978-08-06,8,33.50025,-88.40335,summer,77.7,67.8,0.6,0.08
1354,1997-09-02,9,39.42923,-104.9677,fall,63.5,58.6,0.95,0.02
1355,2000-03-21,3,39.6632,-106.8085,spring,36.0,20.7,0.25,0.56
1361,1998-04-14,4,38.54166,-104.9908,spring,38.6,31.6,0.69,0.59
1369,1998-09-04,9,39.40305,-105.8226,fall,56.8,32.0,0.0,0.43
1382,1984-10-17,10,47.2831,-121.9258,fall,42.6,35.5,0.75,0.75
1383,1973-04-18,4,47.29944,-122.1806,spring,44.1,37.6,0.97,0.54
1384,1970-05-13,5,47.5225,-121.7569,spring,52.1,39.6,0.58,0.26
1386,1998-05-18,5,47.3958,-121.5356,spring,47.7,31.6,0.85,0.74
1394,1997-07-05,7,47.25722,-120.8908,summer,62.8,46.1,0.51,0.04
1407,1991-06-15,6,29.4179,-82.55556,summer,79.8,70.7,0.48,0.12
1438,2000-10-28,10,46.93333,-121.2692,fall,34.7,32.1,0.79,0.05
1446,1974-10-01,10,45.5666,-121.7745,fall,58.5,40.7,0.49,0.51
1450,1999-09-13,9,42.32724,-76.75318,fall,68.2,52.9,0.31,0.13
1458,2000-04-05,4,31.6825,-92.3104,spring,61.5,43.0,0.0,0.03
1459,1978-07-15,7,31.3799,-92.37835,summer,84.7,67.3,0.79,0.33
1462,2000-06-13,6,46.87139,-121.2981,summer,50.2,44.2,1.0,0.4
1478,1996-02-17,2,47.4317,-121.7731,winter,50.4,48.5,1.0,0.96
1480,1996-10-15,10,29.08405,-81.59005,fall,74.8,62.4,0.11,0.1
1501,1977-11-15,11,32.8057,-92.40895,fall,66.7,50.0,0.55,0.17
1529,2000-09-20,9,48.0028,-121.9572,fall,55.2,54.0,0.89,0.74
1536,2000-11-18,11,31.6825,-92.3104,fall,38.4,37.1,0.95,0.75
1537,1996-12-06,12,31.4871,-92.3309,winter,66.8,59.4,0.51,0.86
1554,2000-06-14,6,40.59604,-93.77783,summer,65.2,58.8,0.75,0.43
1568,1993-10-15,10,47.27667,-122.8858,fall,52.6,51.5,0.99,0.01
1584,2000-03-13,3,47.00444,-122.5386,spring,50.5,41.7,0.94,0.27
1589,1979-11-16,11,47.05472,-121.8211,fall,29.5,26.0,0.54,0.9
1591,1996-01-01,1,47.3724,-122.5819,winter,48.9,44.4,0.99,0.38
1594,1997-11-28,11,47.01278,-121.4642,fall,30.0,28.5,0.98,0.95
1595,1979-12-07,12,47.3704,-122.782,winter,45.9,43.7,0.95,0.64
1617,1986-08-09,8,48.36861,-122.2778,summer,55.7,55.2,0.08,0.13
1630,1977-08-01,8,43.17215,-92.76577,summer,73.0,55.0,0.18,0.58
1631,1978-10-28,10,33.37917,-94.11611,fall,59.2,44.0,0.0,0.89
1633,1997-07-15,7,33.18528,-94.25556,summer,76.8,72.6,0.15,0.34
1637,1995-05-15,5,36.33528,-92.385,spring,74.2,58.8,0.44,0.53
1649,1989-07-13,7,47.03222,-114.0906,summer,65.7,59.1,0.58,0.33
1669,1998-08-28,8,47.8895,-121.8134,summer,63.4,51.8,0.23,0.21
1670,1958-05-14,5,48.2475,-121.9425,spring,62.6,43.5,0.69,0.87
1671,1980-01-11,1,48.11556,-122.0958,winter,38.0,30.0,1.0,0.79
1673,1988-07-13,7,47.9817,-122.0447,summer,59.8,53.9,0.98,0.01
1674,2000-02-06,2,47.7853,-121.6647,winter,45.0,42.4,0.6,0.04
1684,1976-06-16,6,48.78056,-122.1483,summer,49.9,50.8,0.82,0.66
1685,1996-08-16,8,46.9974,-122.1694,summer,59.3,53.3,0.73,0.07
1687,1997-10-25,10,46.97944,-121.0939,fall,43.9,30.4,0.44,0.83
1691,1961-12-28,12,47.92528,-117.1153,winter,22.5,19.1,1.0,0.71
1749,1977-08-27,8,48.8178,-122.1656,summer,62.0,51.6,0.79,0.46
1750,1993-09-15,9,39.92104,-83.95184,fall,60.0,56.5,0.86,0.98
1755,2000-10-15,10,39.86096,-83.96562,fall,62.3,51.5,0.83,0.58
1757,1988-12-15,12,46.05292,-112.571,winter,7.4,0.2,0.19,0.23
1768,1988-11-01,11,37.53434,-79.49707,fall,42.6,33.9,0.56,0.76
1783,1985-08-15,8,32.4456,-86.5653,summer,80.5,71.6,0.7,0.97
1811,1977-09-15,9,43.59611,-84.42722,fall,58.5,48.8,0.66,0.08
1815,2000-05-15,5,47.1608,-121.6594,spring,56.3,41.9,0.52,0.42
1829,2000-10-15,10,45.48204,-122.9903,fall,53.5,43.7,0.61,0.58
1830,1975-08-25,8,34.1288,-86.68,summer,85.3,72.5,0.26,0.62
1831,1994-09-15,9,26.28585,-80.17845,fall,84.0,75.8,0.86,0.36
1841,1994-09-10,9,47.41,-121.725,fall,55.0,50.8,0.8,0.18
1850,1983-01-15,1,38.33885,-82.89059,winter,27.9,23.6,1.0,0.05
1851,2001-02-24,2,40.77789,-81.25768,winter,39.8,20.5,0.67,0.04
1864,1993-11-03,11,34.28745,-84.59345,fall,55.1,38.4,0.84,0.63
1865,1999-05-08,5,34.0474,-84.68864,spring,66.8,51.4,0.21,0.75
1917,2000-03-06,3,46.0675,-118.0519,spring,30.5,28.5,0.93,0.02
1918,2001-08-06,8,33.27735,-105.7395,summer,69.8,41.4,0.07,0.58
1939,1965-10-01,10,34.6894,-77.2914,fall,75.6,68.9,0.9,0.22
1975,2001-01-10,1,43.28556,-71.46778,winter,14.8,1.8,0.12,0.53
1986,2001-03-18,3,44.97487,-122.3057,spring,39.1,43.6,0.96,0.81
1996,2004-10-16,10,47.2842,-121.0777,fall,49.9,46.9,0.98,0.09
2036,1988-06-01,6,37.07354,-93.13545,summer,69.3,61.2,0.86,0.54
2041,2001-03-26,3,35.92806,-94.83,spring,41.5,15.3,0.1,0.05
2054,2000-12-19,12,35.36,-82.4831,winter,20.9,19.8,0.99,0.81
2070,2004-10-17,10,47.35305,-120.2955,fall,44.7,44.8,0.88,0.13
2093,1999-05-20,5,34.1226,-84.7038,spring,66.8,51.5,0.02,0.19
2094,1999-06-16,6,34.1088,-84.6971,summer,73.2,69.0,0.98,0.11
2102,1997-09-13,9,45.75449,-123.866,fall,63.4,53.2,0.49,0.39
2159,1976-10-01,10,32.58125,-94.86958,fall,73.8,57.6,0.0,0.29
2195,2001-03-11,3,46.03944,-118.0711,spring,40.7,33.0,0.17,0.58
2196,2001-03-08,3,46.0675,-118.0519,spring,35.5,38.7,0.84,0.47
2215,2000-03-28,3,44.6543,-90.0411,spring,35.6,25.8,1.0,0.77
2216,2000-07-20,7,44.49817,-109.6429,summer,61.2,42.5,0.04,0.63
2220,2000-08-30,8,32.0538,-85.0409,summer,80.7,66.6,0.4,0.05
2255,2001-03-30,3,41.48722,-120.5414,spring,42.8,29.2,0.01,0.19
2271,2005-12-11,12,40.478,-74.4611,winter,32.7,23.0,0.41,0.37
2281,1997-03-29,3,37.29854,-80.82856,spring,55.2,46.1,0.38,0.68
2285,1984-04-08,4,37.22647,-81.09017,spring,50.8,28.2,0.76,0.24
2286,1998-07-24,7,37.1694,-76.77447,summer,80.3,69.6,0.8,0.04
2332,1999-08-01,8,39.95329,-81.39827,summer,75.0,63.9,0.88,0.64
2363,1993-01-20,1,36.9372,-88.9949,winter,49.2,41.8,1.0,0.94
2364,1958-12-31,12,36.7999,-83.66641,winter,47.0,37.3,1.0,0.69
2376,2001-09-08,9,30.38345,-88.72985,fall,78.3,74.2,0.41,0.68
2386,2000-04-04,4,36.4075,-94.92667,spring,51.7,25.4,0.0,0.01
2398,1978-06-30,6,32.4125,-94.81806,summer,85.6,71.7,0.29,0.85
2429,1986-07-01,7,37.2731,-83.49205,summer,76.9,71.1,1.0,0.83
2435,1994-10-15,10,37.26532,-82.69576,fall,60.4,44.0,0.13,0.38
2450,1978-06-01,6,39.78594,-82.29162,summer,75.2,60.0,0.37,0.87
2494,2001-08-11,8,34.787,-91.735,summer,82.9,74.4,0.81,0.73
2566,1985-09-29,9,29.77535,-82.3657,fall,77.0,68.2,0.35,0.52
2635,2000-11-27,11,36.25639,-94.07806,fall,41.1,28.6,0.0,0.06
2750,2004-04-23,4,40.7446,-74.6215,spring,52.1,50.0,0.9,0.13
2774,1988-01-10,1,36.12083,-90.51056,winter,15.0,7.8,0.16,0.7
2786,2001-06-15,6,38.46118,-82.07358,summer,79.4,71.6,0.29,0.8
2788,1997-12-30,12,36.02306,-97.1225,winter,38.6,28.5,0.24,0.03
2789,1977-07-15,7,35.00278,-95.34111,summer,83.2,70.9,0.53,0.97
2797,1999-02-18,2,45.43522,-88.12464,winter,11.1,7.6,1.0,0.09
2804,1992-11-19,11,45.33418,-88.16359,fall,35.3,23.7,0.4,0.83
2841,2001-03-17,3,42.07,-124.3,spring,49.9,45.8,1.0,0.78
2850,1995-02-15,2,40.74065,-81.35575,winter,37.4,27.4,1.0,0.49
2863,1997-11-29,11,45.78177,-90.51659,fall,28.6,27.5,0.74,0.98
2900,2001-06-04,6,42.08,-124.3,summer,52.1,46.0,0.37,0.46
2902,1998-05-24,5,41.2625,-84.38103,spring,62.7,52.3,0.7,0.96
2917,1995-05-15,5,55.1872,-132.7982,spring,48.6,42.2,0.95,0.54
2931,2001-07-29,7,33.82111,-92.03389,summer,85.3,75.2,0.15,0.33
2953,2001-08-07,8,42.30472,-83.60472,summer,83.2,71.3,0.18,0.6
3005,1979-08-12,8,45.22849,-89.67523,summer,63.9,52.3,0.68,0.67
3022,1977-09-15,9,40.028,-110.9315,fall,49.3,42.2,0.0,0.08
3032,2001-06-15,6,36.34389,-93.76,summer,69.6,60.3,0.38,0.8
3044,1975-09-10,9,43.98694,-91.33662,fall,72.5,61.2,0.68,0.18
3049,1985-02-15,2,40.4415,-91.4261,winter,15.5,-1.2,0.42,0.87
3064,2001-09-01,9,45.07072,-123.6664,fall,60.0,54.6,0.74,0.46
3080,1997-05-01,5,40.27488,-81.51749,spring,42.5,42.8,0.85,0.81
3086,2001-09-08,9,37.4625,-108.2083,fall,42.3,22.2,0.01,0.68
3121,2001-09-06,9,36.22306,-118.6744,fall,57.6,44.0,0.0,0.62
3180,1978-07-04,7,39.40877,-81.73172,summer,71.6,62.7,1.0,0.97
3209,2001-10-14,10,45.76569,-123.3601,fall,46.8,49.3,0.73,0.93
3240,2001-10-19,10,34.45195,-94.60042,fall,64.0,54.2,0.59,0.11
3248,2001-10-26,10,41.39803,-81.33974,fall,39.0,32.4,1.0,0.33
3253,1998-08-15,8,38.42968,-82.64877,summer,75.3,63.5,0.67,0.78
3270,2001-10-20,10,35.83845,-81.80479,fall,58.8,42.8,0.0,0.14
3293,1978-01-01,1,40.4764,-82.80257,winter,24.6,24.4,0.94,0.73
3297,1995-11-14,11,43.54165,-123.875,fall,53.1,50.1,0.78,0.73
3301,1980-08-15,8,41.47349,-81.3726,summer,67.0,63.7,0.91,0.15
3331,1998-09-09,9,35.94585,-81.7418,fall,59.3,42.4,0.0,0.62
3332,1983-04-15,4,35.33975,-82.443,spring,46.4,45.8,0.59,0.08
3334,1987-07-15,7,34.7576,-77.5873,summer,74.6,70.2,0.79,0.67
3336,1998-03-31,3,34.3924,-77.7485,spring,73.8,62.1,0.36,0.14
3350,1999-11-01,11,40.65572,-83.93892,fall,56.9,51.1,0.08,0.79
3351,1987-03-15,3,40.73412,-84.06565,spring,31.8,25.2,0.97,0.5
3388,2001-11-15,11,47.232,-88.16361,fall,48.5,47.6,0.3,0.02
3400,1992-01-01,1,46.766,-122.1652,winter,39.2,35.5,0.95,0.9
3421,1978-06-01,6,39.21278,-120.8908,summer,65.4,34.7,0.07,0.87
3424,1984-08-01,8,39.30056,-120.6672,summer,66.9,39.7,0.04,0.16
3441,2001-11-29,11,45.33175,-121.9139,fall,39.6,39.7,0.95,0.46
3483,1975-10-15,10,38.81124,-92.59781,fall,50.9,49.6,0.84,0.36
3533,1998-11-19,11,39.47642,-82.24155,fall,49.1,44.3,0.55,0.02
3535,2001-04-15,4,40.25597,-82.1334,spring,45.9,45.6,0.71,0.75
3582,1960-11-15,11,38.5464,-82.25949,fall,66.0,40.7,0.5,0.88
3585,2001-08-01,8,47.85556,-121.9697,summer,64.3,51.8,0.59,0.43
3587,2001-12-29,12,33.82722,-95.62861,winter,35.9,20.9,0.0,0.47
3589,1998-03-15,3,40.2287,-81.96845,spring,31.6,20.2,0.74,0.58
3604,2001-07-30,7,39.225,-106.3625,summer,62.0,36.0,0.31,0.36
3612,1978-04-01,4,38.90222,-121.0803,spring,47.9,47.4,0.97,0.79
3613,2004-10-10,10,48.09725,-122.8241,fall,55.7,51.6,0.89,0.88
3623,2001-10-12,10,48.40611,-118.9844,fall,35.6,35.0,0.54,0.85
3624,2002-01-09,1,45.55364,-122.1884,winter,43.9,41.2,0.64,0.88
3633,2000-10-15,10,44.86875,-123.4462,fall,53.8,42.8,0.48,0.58
3652,1998-09-19,9,39.32385,-106.2275,fall,45.9,23.6,0.03,0.97
3653,2001-02-20,2,39.3375,-107.0671,winter,37.9,16.5,0.29,0.92
3655,2001-11-12,11,39.21833,-81.16211,fall,38.9,28.5,0.0,0.91
3664,1996-06-26,6,40.4521,-106.6535,summer,57.8,39.4,0.42,0.34
3673,2004-10-17,10,47.981,-117.6454,fall,42.9,44.7,0.97,0.13
3686,1998-05-25,5,38.79833,-82.54968,spring,68.1,64.1,0.32,0.99
3702,1975-07-01,7,42.375,-123.3833,summer,55.8,44.7,0.85,0.75
3710,2001-06-30,6,38.9006,-104.9917,summer,67.3,48.0,0.56,0.34
3731,2002-02-06,2,34.86111,-96.66528,winter,36.7,32.4,0.99,0.82
3759,2001-10-29,10,46.621,-121.0638,fall,33.5,28.9,0.95,0.42
3766,2001-08-03,8,45.99378,-123.9211,summer,60.5,57.8,0.97,0.49
3777,2000-08-22,8,31.4676,-92.2508,summer,83.8,72.5,0.15,0.75
3794,2001-08-01,8,38.9575,-120.0914,summer,58.9,39.1,0.11,0.43
3822,2000-07-31,7,38.9575,-120.0914,summer,72.3,41.3,0.26,0.03
3826,1999-07-01,7,38.90203,-79.33517,summer,76.9,64.3,0.2,0.58
4073,1984-07-04,7,39.46019,-81.54855,summer,75.8,63.3,0.9,0.2
4094,1994-10-15,10,34.56444,-92.58667,fall,65.0,59.8,0.98,0.38
4096,1980-01-01,1,33.1075,-92.33472,winter,43.2,29.6,0.02,0.48
4099,2004-11-26,11,40.8139,-91.0863,fall,46.9,34.4,0.56,0.49
4109,1995-06-15,6,31.9621,-81.88995,summer,70.0,54.0,0.62,0.6
4134,1997-11-15,11,35.97389,-97.03333,fall,28.1,18.3,0.04,0.55
4137,1977-08-15,8,31.11611,-98.055,summer,84.7,70.8,0.56,0.02
4138,1983-07-15,7,30.23333,-95.60834,summer,76.7,72.6,0.98,0.19
4140,2000-02-15,2,31.27278,-102.6922,winter,71.0,30.0,0.0,0.36
4144,1998-01-11,1,31.91708,-94.63458,winter,62.9,51.0,0.74,0.47
4159,1995-11-15,11,31.22333,-94.96611,fall,59.4,44.3,0.0,0.76
4206,2001-09-11,9,30.52361,-95.58334,fall,75.0,64.3,0.0,0.79
4237,1975-07-04,7,37.80531,-81.14714,summer,64.7,60.9,0.81,0.84
4301,2002-05-09,5,46.3261,-122.4988,spring,45.5,36.0,0.56,0.91
4306,1980-06-01,6,40.76533,-80.55217,summer,71.4,61.1,0.58,0.59
4310,1988-05-19,5,40.35097,-81.99847,spring,57.8,53.4,1.0,0.13
4325,1990-10-20,10,43.5975,-84.66833,fall,51.2,31.6,0.26,0.07
4335,1999-06-15,6,47.6068,-121.9008,summer,61.5,54.5,0.68,0.08
4337,1996-12-15,12,33.48,-95.76861,winter,38.6,33.7,0.8,0.18
4353,1952-07-01,7,46.1911,-123.1875,summer,55.6,48.7,0.74,0.29
4359,2002-05-18,5,46.3758,-122.5855,spring,55.8,42.6,0.36,0.22
4393,2002-06-10,6,30.67,-83.412,summer,78.5,66.9,0.45,0.99
4414,2002-05-26,5,42.39472,-85.60028,spring,58.1,42.8,0.17,0.51
4446,1993-07-04,7,33.2675,-116.8625,summer,61.9,52.0,0.68,0.53
4458,1994-06-01,6,41.14896,-83.43667,summer,58.0,44.1,0.29,0.76
4498,2002-06-01,6,39.74961,-84.09158,summer,73.1,66.0,0.47,0.71
4532,2002-06-27,6,34.59583,-94.55944,summer,73.8,67.8,0.14,0.6
4555,2000-05-07,5,40.3244,-81.99955,spring,74.2,58.4,0.47,0.13
4557,1997-06-01,6,39.89203,-83.00142,summer,69.1,64.1,0.94,0.87
4558,1998-10-15,10,40.17699,-81.63656,fall,51.6,42.3,0.49,0.85
4672,2001-06-06,6,39.37215,-84.80138,summer,70.6,66.7,0.85,0.52
4676,2002-07-14,7,35.5311,-78.4048,summer,79.0,71.1,0.86,0.15
4737,2001-05-13,5,46.6622,-122.9627,spring,57.6,46.6,0.86,0.7
4738,2002-08-03,8,45.8083,-121.9063,summer,63.0,44.5,0.3,0.82
4743,2000-02-10,2,31.16,-87.09069,winter,62.9,41.9,0.14,0.17
4760,2002-07-18,7,40.6445,-83.6118,summer,79.4,70.8,0.1,0.3
4762,2002-08-04,8,41.5325,-81.1351,summer,80.8,65.7,0.42,0.85
4887,2002-09-03,9,36.10556,-118.5272,fall,68.2,33.2,0.0,0.88
4897,2002-08-31,8,39.3045,-106.171,summer,48.7,25.9,0.44,0.77
4904,2000-05-17,5,36.599,-105.4113,spring,34.9,12.2,0.23,0.48
4917,2002-09-07,9,39.64306,-121.2733,fall,60.2,33.9,0.0,0.03
4950,1998-05-30,5,40.33345,-81.26559,spring,75.2,65.3,0.22,0.17
4951,1997-09-30,9,40.39103,-80.6937,fall,57.7,48.7,0.76,0.97
4953,1968-08-01,8,40.00915,-82.67252,summer,69.3,66.2,0.97,0.25
4960,1978-09-30,9,41.09302,-81.82391,fall,66.3,54.5,0.51,0.94
4969,1983-07-31,7,41.06499,-81.3741,summer,75.4,68.3,0.86,0.71
4973,1998-09-01,9,40.61236,-82.48699,fall,68.4,53.9,0.22,0.33
4978,2000-02-01,2,41.36755,-80.76735,winter,19.0,16.4,1.0,0.88
4987,1990-10-31,10,44.85,-116.4,fall,38.4,33.6,0.29,0.42
5013,2000-10-01,10,40.42655,-81.25576,fall,59.5,39.3,0.33,0.13
5085,2004-12-05,12,36.615,-92.425,winter,46.8,37.9,0.6,0.78
5100,2002-09-24,9,45.63923,-121.8735,fall,56.6,44.5,0.0,0.6
5136,2004-12-07,12,47.3991,-121.1008,winter,33.6,29.6,1.0,0.85
5173,2002-12-04,12,43.35851,-102.3971,winter,10.7,11.7,1.0,0.02
5232,1961-04-01,4,40.94083,-123.6283,spring,47.7,46.0,0.76,0.52
5253,2002-12-01,12,33.7655,-116.7078,winter,40.2,34.6,0.09,0.91
5260,1975-09-01,9,41.75611,-124.2006,fall,54.6,49.8,0.1,0.85
5262,1997-11-01,11,41.1462,-80.62124,fall,49.9,47.9,0.92,0.04
5267,1998-10-01,10,41.23638,-81.62379,fall,48.0,42.7,0.58,0.35
5294,2002-10-27,10,35.51222,-118.3356,fall,46.4,32.4,0.15,0.7
5311,1983-05-01,5,40.04792,-83.5556,spring,59.4,57.6,0.99,0.64
5316,2002-10-10,10,36.20611,-94.23417,fall,63.6,55.7,1.0,0.16
5321,1999-02-15,2,43.41444,-83.18583,winter,40.9,24.5,0.02,0.98
5331,2002-11-16,11,47.0019,-121.6279,fall,36.3,32.2,0.61,0.4
5333,2004-08-29,8,40.60787,-82.26236,summer,71.6,66.7,0.73,0.48
5369,2004-08-02,8,27.0099,-80.13215,summer,79.4,73.0,0.82,0.57
5381,1964-10-10,10,34.0431,-80.80685,fall,54.4,44.0,0.0,0.16
5406,2003-11-02,11,41.3235,-81.22745,fall,62.6,57.8,0.82,0.3
5495,2003-03-18,3,45.9358,-120.9855,spring,41.7,31.3,0.38,0.52
5505,2002-12-17,12,45.46571,-118.875,winter,36.0,27.4,0.26,0.43
5507,2002-11-24,11,45.7743,-90.51145,fall,18.8,15.8,0.96,0.65
5516,2001-07-15,7,45.7264,-89.8741,summer,71.0,59.9,0.66,0.81
5519,1972-05-15,5,30.32305,-85.4427,spring,74.5,69.0,0.36,0.09
5552,2004-11-20,11,38.3085,-92.8254,fall,47.4,45.2,0.99,0.3
5586,2003-04-11,4,37.025,-106.8583,spring,51.2,13.9,0.35,0.31
5609,1985-07-01,7,31.3904,-92.3495,summer,83.4,65.5,0.4,0.47
5620,2003-10-20,10,36.91528,-95.80417,fall,68.8,54.4,0.0,0.82
5623,1982-06-05,6,37.4253,-94.7844,summer,71.2,58.3,0.55,0.47
5694,1986-07-15,7,46.01278,-86.81917,summer,63.0,53.2,0.82,0.28
5720,1963-06-15,6,42.79166,-116.25,summer,67.9,54.3,0.82,0.79
5725,2002-11-15,11,47.0586,-122.2864,fall,44.3,41.4,0.68,0.37
5742,2004-11-27,11,37.1142,-89.1979,fall,40.4,41.2,1.0,0.53
5771,2003-04-23,4,48.76075,-122.2156,spring,47.8,43.7,0.87,0.76
5791,2002-08-01,8,38.77778,-119.8208,summer,68.5,38.3,0.27,0.76
5801,1994-04-15,4,30.9905,-87.1814,spring,72.1,70.9,0.96,0.14
5881,2003-02-20,2,36.66257,-84.33998,winter,45.1,40.8,1.0,0.63
5953,2003-04-23,4,45.88039,-121.1692,spring,46.7,36.7,0.3,0.76
6037,2002-09-14,9,42.4829,-110.5979,fall,49.0,27.7,0.0,0.28
6058,2005-04-05,4,47.9477,-124.5301,spring,47.8,39.0,0.99,0.89
6097,1961-09-01,9,33.70037,-84.53352,fall,78.1,70.2,0.84,0.73
6130,2000-07-10,7,38.99778,-120.2392,summer,59.0,42.8,0.13,0.32
6194,2003-04-11,4,38.28,-91.6253,spring,58.1,33.7,0.0,0.31
6232,2003-04-24,4,46.33425,-123.5439,spring,42.1,39.1,0.6,0.79
6267,1976-11-15,11,35.18637,-78.63611,fall,37.8,37.8,1.0,0.78
6309,2003-05-08,5,47.94056,-122.7919,spring,51.3,41.5,0.6,0.23
6313,2003-05-11,5,39.64193,-82.1013,spring,61.9,56.9,0.65,0.33
6330,2003-05-01,5,41.03,-82.0101,spring,64.8,59.0,0.42,0.01
6394,1976-01-14,1,41.02174,-92.73979,winter,27.0,12.7,0.0,0.41
6410,1979-07-04,7,41.2333,-96.42668,summer,68.2,66.1,0.95,0.32
6513,2003-06-13,6,35.33389,-98.13028,summer,75.8,67.3,0.26,0.47
6538,2003-08-02,8,37.70835,-107.9584,summer,54.8,41.9,0.46,0.15
6583,2003-10-08,10,29.385,-97.81083,fall,78.9,71.5,0.79,0.45
6638,2003-07-16,7,35.11417,-86.465,summer,75.1,72.6,0.57,0.6
6639,2003-07-20,7,38.85556,-120.0133,summer,70.6,50.5,0.08,0.73
6643,1978-07-15,7,41.432,-71.65183,summer,65.8,62.3,0.8,0.33
6722,2003-07-26,7,39.90416,-81.98721,summer,78.0,63.0,0.06,0.91
6755,2003-08-30,8,37.4125,-108.1292,summer,50.8,45.2,0.28,0.11
6785,2002-05-29,5,39.0917,-106.4417,spring,49.7,23.1,0.2,0.62
6836,1980-07-03,7,41.47511,-79.3178,summer,68.4,60.8,0.74,0.69
6932,1999-11-15,11,35.64861,-91.45889,fall,51.8,25.2,0.0,0.23
6937,2003-10-08,10,30.77722,-103.7439,fall,62.7,59.5,0.9,0.45
6938,2003-08-30,8,33.21145,-87.35664,summer,81.0,73.4,0.6,0.1
6960,1968-10-16,10,35.42525,-77.67995,fall,72.9,65.8,0.64,0.81
6990,2003-12-09,12,47.0228,-121.5497,winter,30.4,26.6,1.0,0.53
7023,2005-02-09,2,38.02825,-82.83425,winter,43.7,47.3,0.98,0.03
7045,2003-10-31,10,36.34167,-93.94583,fall,65.4,57.5,0.71,0.23
7059,2003-10-31,10,34.39,-93.23111,fall,70.5,68.2,0.81,0.23
7062,2003-10-09,10,36.18889,-95.74556,fall,67.2,64.8,0.75,0.48
7085,1990-07-01,7,39.3731,-81.65929,summer,69.9,67.3,0.73,0.3
7113,2003-10-26,10,33.5388,-84.869,fall,64.2,61.7,0.85,0.04
7124,1976-06-30,6,45.9957,-118.1253,summer,59.2,46.0,0.8,0.11
7133,1980-07-01,7,39.49265,-83.11422,summer,72.1,59.7,0.7,0.61
7146,1992-08-15,8,47.4028,-123.2022,summer,64.0,50.4,0.0,0.57
7148,1993-09-15,9,45.4915,-123.2665,fall,54.4,48.3,0.7,0.98
7181,2003-05-01,5,41.79639,-84.4587,spring,60.1,55.9,0.64,0.01
7188,1987-07-04,7,39.0417,-79.43762,summer,69.9,56.0,0.94,0.26
7211,1959-10-01,10,39.08,-121.42,fall,67.3,35.1,0.01,0.97
7220,1978-11-01,11,39.54739,-81.39101,fall,49.3,44.5,0.37,0.03
7224,2003-10-10,10,41.13356,-81.17155,fall,62.9,57.0,0.87,0.52
7235,2004-05-28,5,34.7325,-86.52105,spring,69.6,66.6,0.79,0.3
7237,1999-11-25,11,34.672,-83.714,fall,58.5,59.2,0.99,0.59
7263,1994-04-15,4,44.2157,-121.4755,spring,57.8,25.0,0.0,0.15
7294,1998-12-15,12,38.02516,-77.97089,winter,41.8,21.7,0.0,0.9
7334,1993-04-01,4,36.2485,-121.495,spring,46.5,45.6,0.53,0.32
7382,2001-07-15,7,46.0471,-122.8294,summer,57.3,49.2,0.9,0.82
7386,1974-12-15,12,42.0288,-86.5153,winter,39.6,35.8,1.0,0.07
7399,1977-05-15,5,41.93,-84.35389,spring,68.0,37.4,0.17,0.93
7406,2003-11-19,11,46.0573,-117.9793,fall,38.0,30.2,0.54,0.85
7408,2003-11-15,11,43.92736,-83.92834,fall,40.9,33.2,0.91,0.7
7441,2004-11-16,11,47.763,-122.5344,fall,46.6,44.9,0.91,0.16
7452,2003-11-16,11,41.23528,-123.6581,fall,49.7,45.2,1.0,0.74
7455,1999-10-15,10,46.81045,-124.072,fall,46.9,41.1,0.45,0.2
7481,1981-05-31,5,46.79955,-122.2738,spring,50.1,44.6,0.54,0.93
7483,1986-12-25,12,47.39,-122.2187,winter,43.2,38.2,0.98,0.8
7493,1997-10-01,10,40.72943,-80.59236,fall,45.9,40.6,0.63,0.99
7514,1997-05-23,5,41.66955,-74.0863,spring,54.9,38.1,0.34,0.54
7519,2003-12-08,12,33.46333,-95.8775,winter,66.2,48.7,0.03,0.49
7537,2003-12-08,12,45.0608,-123.694,winter,44.7,42.3,0.78,0.49
7546,2003-12-12,12,32.35306,-94.90528,winter,45.6,35.7,0.92,0.62
7548,2003-12-12,12,30.775,-94.41528,winter,49.9,38.6,0.92,0.62
7552,2003-12-12,12,32.53333,-98.05,winter,41.2,36.6,0.89,0.62
7555,1977-08-01,8,40.8875,-122.3775,summer,89.2,44.4,0.64,0.58
7562,1973-11-15,11,44.825,-118.415,fall,38.6,36.8,1.0,0.69
7567,2003-12-15,12,33.59,-96.27306,winter,53.7,42.2,0.24,0.72
7580,2004-11-16,11,47.2293,-123.4898,fall,41.4,43.2,0.77,0.16
7593,2005-02-05,2,45.723,-121.8864,winter,38.4,33.3,0.86,0.88
7604,2004-01-09,1,30.95972,-95.58334,winter,46.2,38.9,0.4,0.57
7649,2003-12-28,12,32.04361,-94.37444,winter,50.1,51.7,1.0,0.19
7658,1976-05-15,5,44.1263,-121.3338,spring,54.5,21.6,0.01,0.57
7718,2003-09-03,9,39.89172,-84.14493,fall,70.8,66.0,0.72,0.25
7758,2004-01-13,1,33.82083,-95.83639,winter,52.8,48.5,0.8,0.7
7789,1979-10-15,10,45.5145,-122.3352,fall,59.0,54.5,0.95,0.84
7800,2000-07-15,7,44.82167,-84.47611,summer,66.7,57.8,0.58,0.47
7802,2004-10-03,10,32.51556,-95.41817,fall,73.9,64.3,0.28,0.67
7804,2004-01-04,1,39.26361,-121.0161,winter,35.5,25.0,0.05,0.41
7809,2005-01-06,1,41.134,-95.88,winter,8.6,1.7,0.31,0.86
7815,2003-08-12,8,35.27833,-93.13361,summer,78.1,66.3,0.24,0.53
7832,1987-07-01,7,41.16187,-81.37181,summer,66.8,59.7,1.0,0.17
7890,2001-01-01,1,42.40489,-76.17366,winter,13.2,10.4,0.59,0.21
7904,2004-01-18,1,27.3973,-80.8044,winter,66.4,61.2,0.57,0.88
7907,2004-01-30,1,33.61666,-95.90694,winter,37.2,29.3,0.68,0.29
7936,2000-06-29,6,39.74107,-82.70263,summer,63.7,55.7,0.31,0.92
7939,2002-08-22,8,43.2265,-78.1946,summer,74.1,65.0,0.74,0.49
7957,2003-11-09,11,45.82565,-123.296,fall,46.6,39.7,0.42,0.52
7963,2004-02-09,2,55.2035,-132.8202,winter,43.5,41.5,0.98,0.62
7973,2001-09-25,9,41.06648,-81.96419,fall,44.5,42.8,1.0,0.29
8006,2001-06-01,6,40.3725,-80.67828,summer,63.4,54.0,0.72,0.35
8026,2003-12-02,12,39.21667,-120.8983,winter,49.8,43.8,0.53,0.32
8038,2004-02-19,2,33.71472,-96.78917,winter,57.8,46.5,0.15,0.98
8042,1996-10-25,10,40.08946,-81.69818,fall,56.1,38.2,0.77,0.47
8060,2005-01-10,1,36.09583,-89.48666,winter,58.2,48.9,0.97,0.02
8083,2002-11-02,11,33.66666,-95.27361,fall,49.3,41.0,0.7,0.92
8227,2002-10-15,10,43.3029,-123.1611,fall,63.6,32.3,0.0,0.33
8236,1984-01-15,1,40.05998,-82.28814,winter,15.9,6.3,0.63,0.39
8289,2004-03-01,3,32.9,-94.6,spring,61.6,44.0,0.22,0.33
8405,1963-07-04,7,31.08925,-81.41267,summer,85.5,76.2,0.61,0.42
8438,2003-10-11,10,41.3382,-85.7037,fall,64.2,59.0,0.26,0.54
8446,2004-03-25,3,40.6559,-83.9374,spring,60.9,45.7,0.95,0.15
8450,2004-04-03,4,39.5246,-82.6353,spring,46.8,36.4,0.69,0.43
8463,2001-11-01,11,38.4775,-120.0047,fall,38.3,27.0,0.16,0.52
8514,1994-03-01,3,30.4544,-81.4189,spring,67.2,56.7,0.81,0.63
8527,2004-04-23,4,35.09306,-94.356,spring,70.0,66.4,0.71,0.13
8530,2004-04-24,4,30.38667,-98.08611,spring,64.8,63.8,0.98,0.16
8543,2004-04-30,4,34.689,-94.7325,spring,69.0,63.8,0.58,0.35
8561,2004-08-05,8,27.1788,-82.20475,summer,83.7,75.4,0.42,0.68
8587,1976-09-01,9,41.02572,-81.77677,fall,64.4,57.7,0.83,0.27
8591,2004-05-03,5,35.7575,-95.60667,spring,58.4,39.4,0.0,0.46
8597,2004-07-03,7,47.87725,-121.8943,summer,62.3,54.6,0.77,0.55
8633,2004-05-09,5,41.7655,-77.8768,spring,62.5,54.8,0.71,0.68
8635,2007-09-12,9,31.29,-86.255,fall,82.5,72.5,0.56,0.04
8670,2004-05-25,5,47.46312,-121.4454,spring,51.7,39.8,0.39,0.2
8715,2005-02-02,2,38.528,-84.588,winter,33.8,26.0,0.39,0.77
8785,2004-05-01,5,40.42591,-80.6616,spring,70.9,56.7,0.53,0.38
8792,2003-12-12,12,61.09085,-149.7667,winter,21.3,20.8,0.67,0.62
8796,2001-10-16,10,38.8554,-79.3999,fall,46.4,37.3,0.45,0.01
8797,2001-05-13,5,55.4555,-132.7333,spring,45.0,37.0,0.94,0.7
8804,1997-11-15,11,36.31625,-79.03025,fall,41.7,33.2,0.6,0.54
8832,2004-06-30,6,28.8,-96.04472,summer,79.7,75.7,0.31,0.43
8836,1978-02-05,2,41.44442,-81.20629,winter,8.8,8.2,1.0,0.93
8843,2004-04-17,4,40.0799,-81.49697,spring,68.7,49.6,0.12,0.94
8861,2004-10-31,10,32.83333,-98.38333,fall,64.8,61.4,0.64,0.61
8890,2004-12-05,12,38.305,-92.411,winter,48.0,36.3,0.54,0.78
8905,2005-07-27,7,43.2696,-77.664,summer,64.2,65.7,0.89,0.73
8913,2001-05-15,5,33.7985,-91.27056,spring,78.0,60.0,0.04,0.76
8921,2006-06-03,6,33.00014,-86.00004,summer,68.3,61.6,0.27,0.24
8978,2001-09-15,9,47.9237,-122.8531,fall,57.3,53.3,0.24,0.94
8983,2004-06-12,6,35.4449,-80.0616,summer,72.1,68.0,0.69,0.84
9001,2004-07-15,7,32.80865,-84.25755,summer,79.0,72.9,0.19,0.94
9022,2004-07-18,7,40.42687,-81.2558,summer,67.5,62.7,0.54,0.04
9036,2004-07-22,7,30.08333,-94.86667,summer,80.5,75.0,0.57,0.17
9047,2002-10-15,10,48.247,-122.6916,fall,52.6,43.4,0.05,0.33
9089,2004-09-12,9,42.28422,-91.68192,fall,71.4,59.4,0.0,0.93
9169,2004-08-19,8,29.88528,-94.83334,summer,84.2,77.2,0.62,0.12
9188,2004-08-18,8,40.1218,-81.5117,summer,72.4,61.3,0.21,0.08
9197,1980-09-07,9,48.68985,-122.4078,fall,53.6,52.3,0.68,0.95
9202,1965-07-01,7,39.205,-121.58,summer,76.7,53.2,0.0,0.1
9204,2004-08-06,8,45.7492,-122.9546,summer,63.2,55.4,0.72,0.71
9245,2005-01-22,1,41.062,-86.5945,winter,8.0,7.3,0.94,0.42
9254,2004-11-22,11,35.20416,-87.19556,fall,57.6,54.7,0.97,0.37
9281,2004-08-17,8,39.92781,-81.61014,summer,66.8,55.8,0.23,0.05
9295,1997-08-15,8,43.1575,-88.1255,summer,75.1,66.7,0.55,0.4
9312,2004-09-12,9,29.17805,-96.29222,fall,81.3,69.1,0.25,0.93
9357,2000-05-01,5,36.0438,-118.7402,spring,63.5,42.0,0.01,0.91
9385,2004-10-03,10,32.24083,-101.3903,fall,66.0,57.6,0.48,0.67
9447,2003-04-05,4,47.16145,-121.8943,spring,38.6,35.0,0.95,0.12
9465,2005-07-14,7,34.68319,-83.69085,summer,77.9,69.3,0.71,0.25
9475,2003-10-17,10,34.59,-80.3891,fall,64.0,51.0,0.2,0.72
9502,2004-12-05,12,37.3317,-93.614,winter,49.6,38.8,0.66,0.78
9507,1994-07-16,7,36.41,-93.74,summer,77.4,68.3,0.2,0.28
9546,1963-10-01,10,41.9548,-78.65621,fall,56.0,43.4,0.03,0.44
9604,2004-09-15,9,44.9723,-118.3692,fall,44.0,42.6,0.79,0.04
9607,1994-10-15,10,40.05148,-79.56702,fall,56.3,39.5,0.12,0.38
9642,2005-01-21,1,39.3579,-85.61,winter,22.7,10.8,0.37,0.39
9648,2002-08-13,8,38.75,-122.7,summer,70.2,50.5,0.53,0.19
9712,1984-07-15,7,33.32442,-84.2532,summer,79.2,69.2,0.53,0.58
9717,2001-10-15,10,46.0484,-89.66195,fall,38.3,36.7,0.8,0.96
9750,1999-07-16,7,34.53784,-77.50434,summer,77.7,70.4,0.27,0.13
9765,1973-09-28,9,35.3011,-99.1702,fall,61.4,51.0,0.11,0.07
9796,1977-09-03,9,46.69303,-92.49979,fall,60.0,46.0,0.37,0.69
9810,2004-11-20,11,32.78611,-97.83334,fall,63.3,57.8,0.86,0.3
9853,2004-11-27,11,34.695,-94.685,fall,41.0,41.5,0.54,0.53
9869,2004-11-26,11,30.405,-95.36166,fall,66.2,56.4,0.65,0.49
9872,1998-08-10,8,44.51436,-85.82096,summer,72.6,63.9,0.26,0.59
9873,2004-07-20,7,47.06032,-114.0717,summer,63.0,52.8,0.41,0.1
9879,2004-11-27,11,33.03333,-94.72334,fall,48.9,45.6,0.29,0.53
9941,2004-12-06,12,38.62,-91.96238,winter,52.5,50.6,0.81,0.81
9962,1962-05-01,5,41.5,-111.75,spring,49.8,21.8,0.56,0.91
10006,2004-12-12,12,40.1333,-80.68192,winter,34.1,28.7,0.95,0.03
10062,2004-12-18,12,46.988,-123.8647,winter,52.2,47.1,0.41,0.25
10074,2004-12-22,12,33.82444,-97.07361,winter,27.6,21.0,0.78,0.38
10093,1999-11-15,11,36.13361,-93.94389,fall,53.0,28.3,0.0,0.23
10114,2004-07-26,7,33.15405,-105.7947,summer,59.7,53.7,0.62,0.31
10136,2001-10-22,10,42.1174,-75.64853,fall,49.2,44.8,0.75,0.2
10151,1974-09-16,9,42.323,-85.05965,fall,61.7,46.8,0.13,0.02
10153,2005-01-23,1,39.365,-85.8486,winter,12.4,-1.8,0.04,0.45
10220,1989-11-15,11,35.1918,-86.9094,fall,56.4,57.3,0.9,0.59
10239,1994-08-13,8,29.24665,-100.4104,summer,84.0,64.2,0.2,0.23
10251,2003-09-30,9,41.31268,-78.39445,fall,51.3,40.1,0.71,0.17
10258,1987-09-15,9,48.9294,-122.0247,fall,53.6,46.4,0.86,0.77
10266,2002-09-17,9,35.63736,-108.8676,fall,64.7,39.3,0.41,0.38
10277,2005-01-17,1,30.525,-96.59167,winter,45.1,30.8,0.0,0.26
10330,2003-02-18,2,39.96627,-83.51394,winter,28.1,22.0,1.0,0.56
10407,2005-01-28,1,30.6,-95.63,winter,47.0,43.6,1.0,0.6
10486,1994-10-15,10,35.94,-87.25375,fall,60.5,56.8,0.84,0.38
10498,1979-09-15,9,33.8132,-86.7891,fall,68.7,58.1,0.1,0.82
10591,2004-01-08,1,30.63333,-95.3,winter,49.9,47.4,1.0,0.53
10623,2005-02-11,2,32.9032,-80.65645,winter,39.8,21.1,0.05,0.1
10660,1974-11-09,11,38.3908,-95.6491,fall,48.6,44.5,0.82,0.85
10678,1999-06-12,6,39.4862,-86.161,summer,78.4,67.6,0.44,0.96
10776,1999-01-16,1,36.38287,-80.46865,winter,43.8,21.4,0.0,0.96
10778,1994-08-15,8,39.21564,-77.4608,summer,71.4,58.5,0.74,0.3
10800,2004-11-24,11,30.55,-95.12305,fall,45.2,46.5,0.38,0.44
10861,1976-07-15,7,40.26494,-83.0556,summer,79.7,68.1,0.35,0.64
10863,2005-01-13,1,40.50945,-82.87663,winter,45.6,47.2,0.57,0.12
10874,1986-10-11,10,31.2439,-82.1341,fall,66.7,63.1,0.97,0.29
10877,2000-06-24,6,34.96295,-111.5228,summer,57.6,45.7,0.32,0.74
10879,2000-05-06,5,38.94564,-87.97622,spring,73.3,62.0,0.15,0.09
10889,1984-02-11,2,44.64535,-85.77714,winter,35.2,33.2,0.99,0.31
10913,2002-11-05,11,33.14663,-92.61493,fall,47.5,48.1,0.95,0.03
10919,1975-09-15,9,34.87,-92.12,fall,61.6,56.4,0.97,0.35
10934,1996-04-30,4,45.80374,-118.0603,spring,46.1,32.9,0.49,0.4
10948,2003-07-13,7,48.78336,-122.2196,summer,61.4,54.6,0.94,0.51
11030,2007-01-16,1,34.69895,-85.34145,winter,32.9,32.0,0.98,0.91
11040,2004-10-21,10,47.5532,-124.3324,fall,51.0,43.7,0.72,0.28
11121,2003-06-14,6,41.86395,-89.34285,summer,69.0,58.6,0.24,0.51
11137,2005-03-31,3,46.8434,-123.2383,spring,49.4,40.6,0.87,0.71
11147,1978-02-15,2,46.2262,-124.0133,winter,41.9,36.0,0.65,0.28
11168,2005-12-10,12,40.16465,-74.68135,winter,27.8,18.7,0.04,0.33
11228,1985-06-15,6,40.357,-79.8765,summer,65.2,48.6,0.85,0.91
11248,1999-08-01,8,41.0672,-82.41861,summer,73.2,67.3,0.35,0.64
11328,1974-04-15,4,36.0165,-88.76775,spring,51.2,38.8,0.37,0.78
11387,1994-03-01,3,29.0765,-81.8945,spring,69.4,56.2,0.51,0.63
11432,2005-04-13,4,38.10833,-80.17528,spring,41.0,38.7,0.78,0.16
11496,1997-07-15,7,40.75,-122.1667,summer,80.2,54.0,0.0,0.34
11506,1977-10-15,10,41.91826,-80.54177,fall,52.0,41.6,0.52,0.1
11519,1994-03-01,3,40.85,-123.7,spring,43.7,42.3,0.92,0.64
11592,2004-12-27,12,33.77528,-97.05903,winter,50.3,27.4,0.0,0.54
11630,1985-05-01,5,41.97341,-73.66616,spring,60.9,42.6,0.85,0.38
11771,2005-05-30,5,40.71737,-81.18352,spring,56.5,51.2,0.69,0.75
11828,2004-06-05,6,39.61958,-81.14833,summer,60.4,58.8,0.96,0.59
11831,2005-06-02,6,41.3368,-88.562,summer,68.9,55.8,0.36,0.86
11837,2005-05-05,5,38.96,-120.0969,spring,40.5,37.2,0.99,0.92
11841,1980-08-21,8,41.5036,-73.7171,summer,64.4,57.9,0.94,0.34
11927,2005-02-01,2,29.0,-95.5,winter,45.1,44.4,1.0,0.73
11946,2003-04-07,4,40.99562,-82.38627,spring,38.7,35.5,1.0,0.18
11966,2003-07-03,7,38.02653,-82.83278,summer,78.6,66.3,0.37,0.13
11998,1996-11-15,11,37.75972,-87.96917,fall,44.7,26.2,0.21,0.16
12065,2005-12-10,12,40.9934,-74.3249,winter,27.0,17.9,0.07,0.33
12067,1978-07-08,7,39.072,-95.747,summer,85.3,67.8,0.3,0.1
12214,2003-09-28,9,35.97,-109.155,fall,58.6,23.3,0.0,0.09
12220,1980-06-15,6,40.69334,-80.57396,summer,66.7,62.8,0.86,0.1
12289,2005-08-02,8,40.65,-110.0,summer,53.6,50.2,0.32,0.93
12290,2004-06-15,6,32.1806,-88.864,summer,81.6,73.1,0.73,0.94
12292,1986-06-15,6,36.3779,-121.7146,summer,52.4,49.6,0.28,0.26
12314,2005-08-14,8,30.33778,-93.97194,summer,82.9,74.3,0.11,0.31
12439,2005-06-10,6,41.3368,-88.562,summer,79.0,69.3,0.19,0.12
12482,2005-08-13,8,41.238,-95.92,summer,64.9,62.3,0.44,0.28
12528,1998-04-25,4,36.66708,-90.9525,spring,70.0,55.0,0.09,0.97
12542,2002-03-16,3,36.81315,-108.7608,spring,32.4,4.3,0.47,0.08
12587,1988-08-01,8,27.099,-82.454,summer,79.8,74.9,0.7,0.63
12594,2005-10-29,10,46.92694,-124.1736,fall,51.9,47.5,0.5,0.89
12597,1982-06-19,6,39.64081,-81.47081,summer,61.8,57.4,0.77,0.93
12601,2005-09-14,9,38.81639,-76.54514,fall,79.8,71.8,0.83,0.37
12641,1996-10-15,10,36.82806,-88.15556,fall,67.4,50.9,0.0,0.1
12649,1987-09-15,9,39.25396,-121.0517,fall,61.8,44.9,0.07,0.77
12669,1983-10-15,10,40.01979,-83.56088,fall,52.8,41.9,0.1,0.3
12709,2002-09-21,9,43.19501,-78.54224,fall,65.9,63.6,0.69,0.51
12727,2004-10-16,10,36.8778,-82.4179,fall,45.1,36.6,0.59,0.09
12732,2004-10-12,10,27.89469,-81.9742,fall,77.0,70.0,0.72,0.95
12736,1986-04-16,4,41.15845,-81.33134,spring,39.5,31.8,0.93,0.23
12815,2005-04-13,4,36.19408,-83.73153,spring,48.6,52.4,0.98,0.16
12818,2005-10-15,10,38.6167,-119.9501,fall,37.2,28.0,0.23,0.44
12836,2005-10-06,10,40.61,-89.585,fall,46.8,38.5,0.35,0.11
12838,2005-12-01,12,46.98621,-123.8161,winter,36.8,32.3,0.76,0.01
12844,2006-02-23,2,47.86697,-123.8796,winter,34.6,30.9,0.59,0.84
12876,2005-10-15,10,46.93755,-123.8358,fall,55.1,51.5,0.96,0.44
12904,2005-09-09,9,39.29325,-106.1215,fall,43.9,41.4,0.77,0.19
12917,1979-10-25,10,41.65,-123.85,fall,56.6,53.3,0.34,0.15
12921,2000-01-01,1,29.098,-82.42,winter,65.5,53.0,0.3,0.85
12959,1989-11-24,11,38.6685,-80.03149,fall,21.0,14.9,0.31,0.89
13028,2003-01-15,1,30.83315,-93.972,winter,45.1,39.6,0.72,0.41
13034,1955-01-01,1,28.043,-82.438,winter,68.8,63.2,0.4,0.25
13048,1982-09-01,9,26.529,-81.6455,fall,81.0,73.2,0.39,0.44
13122,1996-10-11,10,38.7016,-79.52835,fall,30.9,33.4,0.8,0.97
13141,2005-05-30,5,39.05,-79.98335,spring,58.8,48.5,0.29,0.75
13170,2005-12-05,12,34.65375,-83.11639,winter,42.1,45.8,1.0,0.15
13212,2003-11-13,11,36.94165,-80.04166,fall,38.6,21.7,0.24,0.64
13237,2005-12-03,12,37.58135,-81.29745,winter,35.1,18.9,0.71,0.07
13285,2005-10-08,10,43.4654,-72.7051,fall,51.3,52.1,1.0,0.17
13288,2004-10-15,10,42.15947,-78.82683,fall,49.4,46.0,0.93,0.05
13289,2005-07-15,7,36.75139,-87.89472,summer,77.6,72.4,0.58,0.29
13312,2005-12-12,12,39.51,-80.985,winter,21.4,19.0,0.49,0.4
13313,2000-10-14,10,30.28881,-85.64108,fall,65.0,48.2,0.0,0.54
13345,2005-08-25,8,43.1635,-73.0723,summer,63.1,52.4,0.08,0.71
13348,2004-10-12,10,34.25,-96.21,fall,63.8,51.0,0.46,0.95
13383,1991-10-11,10,46.02962,-113.1198,fall,48.7,28.1,0.0,0.13
13549,2006-01-07,1,40.4999,-121.9167,winter,36.0,40.2,0.72,0.28
13585,2006-01-17,1,41.51105,-72.46315,winter,36.6,16.2,0.34,0.6
13597,2006-01-16,1,42.23865,-121.9446,winter,33.4,26.9,0.99,0.58
13714,2006-01-30,1,40.5833,-79.9167,winter,43.1,37.0,0.57,0.04
13889,2007-07-15,7,26.09729,-81.71505,summer,83.2,72.7,0.16,0.04
14035,2005-02-15,2,44.66399,-73.73606,winter,36.6,31.9,0.9,0.24
14037,2006-05-16,5,38.8317,-81.5784,spring,55.6,48.3,0.95,0.61
14118,1985-11-01,11,28.775,-81.6965,fall,43.6,50.0,0.58,0.62
14181,2006-03-16,3,30.993,-85.97701,spring,61.5,40.3,0.78,0.55
14232,2006-04-07,4,39.8234,-74.70135,spring,61.8,43.4,0.49,0.32
14354,2003-07-01,7,30.069,-81.771,summer,81.2,73.9,0.56,0.06
14404,2003-09-06,9,40.34057,-87.47077,fall,63.4,51.0,0.0,0.37
14457,2000-10-01,10,29.191,-82.6505,fall,71.8,65.3,0.58,0.13
14493,1983-11-23,11,47.4914,-94.57375,fall,21.7,20.2,1.0,0.61
14503,1999-05-15,5,39.16305,-107.9514,spring,47.1,30.8,0.06,0.02
14525,1976-10-08,10,31.24842,-83.13654,fall,68.0,69.9,0.97,0.51
14638,2006-02-01,2,32.85232,-95.46671,winter,60.5,50.1,0.5,0.12
14646,1987-05-15,5,40.08159,-83.0337,spring,57.0,51.4,0.45,0.58
14677,2006-09-02,9,40.5258,-79.6575,fall,56.5,53.8,1.0,0.31
14707,2008-01-27,1,40.6166,-80.0107,winter,25.7,25.3,1.0,0.67
14732,2005-08-15,8,39.48,-111.23,summer,56.0,45.8,0.27,0.35
14739,2004-10-30,10,38.20065,-80.17294,fall,61.7,56.2,0.68,0.58
14841,2003-02-15,2,45.3207,-121.9547,winter,42.9,38.8,0.86,0.45
14872,2006-06-08,6,38.4763,-89.54485,summer,77.9,59.4,0.03,0.4
14942,2006-06-06,6,47.3304,-94.1211,summer,65.0,59.0,0.41,0.33
14952,2006-06-02,6,37.44378,-77.6257,summer,79.1,67.8,0.62,0.21
14982,2006-11-03,11,47.74897,-122.4966,fall,57.3,52.6,0.99,0.44
15003,1985-04-15,4,35.226,-89.94,spring,57.3,51.4,0.68,0.86
15007,2004-09-11,9,40.316,-90.459,fall,67.4,57.6,0.0,0.9
15019,2006-06-21,6,41.625,-88.4375,summer,77.3,68.8,0.25,0.87
15050,2006-06-25,6,45.0902,-89.9905,summer,60.0,56.0,0.82,0.02
15062,2006-07-27,7,39.934,-74.3966,summer,80.4,71.5,0.42,0.08
15067,1995-10-15,10,44.915,-122.585,fall,57.1,46.8,0.47,0.72
15088,2005-08-14,8,41.50086,-81.28275,summer,69.3,68.2,0.78,0.31
15102,2006-07-06,7,31.00002,-86.99782,summer,77.8,71.2,0.57,0.35
15107,2003-10-23,10,37.00085,-80.8797,fall,41.0,31.2,0.6,0.93
15150,2006-07-09,7,44.53665,-84.16389,summer,69.1,60.6,0.5,0.44
15170,2006-03-01,3,25.141,-80.926,spring,72.5,61.1,0.01,0.06
15206,2005-10-06,10,47.85001,-116.6079,fall,45.8,40.2,0.24,0.11
15334,2006-07-19,7,30.566,-100.545,summer,84.6,57.8,0.08,0.82
15361,2006-07-27,7,28.252,-82.44749,summer,82.0,73.2,0.35,0.08
15398,1999-11-01,11,43.56211,-73.45947,fall,50.6,39.5,0.01,0.79
15457,2006-08-29,8,33.48295,-84.7681,summer,81.3,72.8,0.23,0.18
15473,2007-08-26,8,31.85,-85.925,summer,82.0,70.2,0.09,0.44
15475,2003-05-10,5,39.6716,-79.9442,spring,67.5,63.8,0.85,0.3
15514,1984-10-01,10,44.5976,-86.09081,fall,49.3,35.0,0.16,0.24
15565,2002-05-11,5,43.6678,-73.51238,spring,54.1,29.1,0.04,0.97
15597,2006-09-22,9,34.73139,-86.97057,fall,78.1,64.7,0.74,0.01
15610,1960-08-15,8,36.00565,-89.67815,summer,80.9,69.2,0.11,0.79
15694,2006-09-02,9,28.5465,-81.5545,fall,82.7,72.9,0.35,0.31
15885,1995-01-04,1,41.29621,-81.5745,winter,9.4,6.3,0.82,0.12
15969,2007-01-10,1,40.725,-80.616,winter,24.1,16.8,0.66,0.73
16053,2006-11-19,11,47.3978,-123.2008,fall,44.9,43.1,0.83,0.96
16248,2007-01-15,1,41.1445,-74.29085,winter,39.3,38.3,0.98,0.88
16294,1999-04-15,4,38.22635,-90.39488,spring,46.1,45.5,1.0,0.98
16295,2008-01-28,1,47.45411,-122.3219,winter,35.8,31.2,0.96,0.71
16364,2001-05-01,5,47.01562,-122.0282,spring,43.0,39.6,0.72,0.29
16416,2006-11-03,11,47.396,-123.1976,fall,54.4,51.6,1.0,0.44
16470,1977-10-19,10,41.43135,-111.4988,fall,47.8,24.4,0.32,0.25
16527,2006-11-04,11,43.41005,-111.7899,fall,38.2,37.1,0.82,0.47
16550,1986-08-01,8,39.41546,-120.4187,summer,65.5,42.2,0.08,0.87
16624,2006-11-13,11,45.11259,-122.7875,fall,44.9,43.7,0.82,0.78
16691,1958-04-15,4,37.055,-121.845,spring,61.1,50.0,0.0,0.9
16734,2004-10-20,10,33.132,-79.884,fall,71.4,66.5,0.46,0.24
16890,2006-07-15,7,37.32091,-81.1271,summer,73.2,66.8,0.47,0.67
16995,2006-07-22,7,35.40472,-84.05056,summer,69.4,66.9,0.56,0.92
17175,1995-11-15,11,44.4887,-85.93575,fall,30.4,17.7,0.74,0.76
17220,2000-09-01,9,48.1864,-122.2612,fall,57.0,46.4,0.73,0.12
17249,2006-12-31,12,34.37537,-83.77232,winter,55.6,53.4,1.0,0.4
17265,2003-03-15,3,40.26705,-111.5986,spring,38.4,29.6,0.41,0.4
17326,1995-11-18,11,38.54602,-79.16096,fall,37.8,32.4,0.72,0.86
17448,2007-01-22,1,32.815,-109.675,winter,35.9,30.1,0.99,0.13
17449,2007-01-09,1,39.9433,-79.665,winter,29.3,24.2,0.96,0.7
17477,2003-08-12,8,31.2137,-82.77173,summer,78.9,72.7,0.27,0.52
17644,2005-09-01,9,29.1039,-82.3722,fall,80.4,76.0,0.16,0.93
17767,1986-07-17,7,38.716,-104.875,summer,65.5,46.0,0.7,0.36
17804,2007-02-01,2,34.6,-109.44,winter,23.5,25.1,0.93,0.49
17847,2005-10-12,10,47.6597,-122.105,fall,54.7,47.5,0.74,0.33
17903,2007-10-20,10,48.39936,-122.645,fall,49.8,43.2,0.98,0.3
18001,1999-08-13,8,34.4447,-83.59509,summer,84.0,71.6,0.02,0.08
18033,2002-05-30,5,32.6825,-85.2222,spring,72.5,64.2,0.32,0.65
18043,1992-08-15,8,34.27607,-86.17524,summer,65.9,61.1,0.04,0.57
18278,1994-11-11,11,37.286,-89.6075,fall,48.1,38.4,0.6,0.3
18439,1987-09-19,9,31.55762,-81.47213,fall,82.0,73.2,0.57,0.89
18584,2007-10-15,10,38.0985,-89.4205,fall,66.9,54.4,0.33,0.14
18680,1989-08-09,8,35.1312,-79.11128,summer,67.9,59.2,0.94,0.25
18707,1992-07-11,7,31.43265,-84.1293,summer,87.0,72.2,0.37,0.4
18793,2007-05-20,5,38.8762,-79.95695,spring,58.8,45.2,0.71,0.14
18943,2007-05-03,5,35.95815,-80.2084,spring,60.4,56.2,0.69,0.54
19073,2004-10-20,10,33.36867,-95.23958,fall,79.5,62.4,0.18,0.24
19223,2006-11-20,11,44.091,-86.42896,fall,34.6,26.0,0.34,0.98
19339,2006-10-15,10,33.99989,-110.4298,fall,46.5,39.3,0.8,0.8
19354,1993-07-01,7,28.99487,-81.78879,summer,79.4,69.5,0.15,0.42
19588,1997-10-01,10,39.8679,-87.23335,fall,52.6,46.5,0.3,0.01
19836,2003-11-09,11,42.54346,-77.36516,fall,24.4,17.2,0.0,0.52
19841,2007-01-13,1,38.835,-79.3762,winter,56.8,47.3,0.79,0.82
19906,2003-04-19,4,36.589,-79.1345,spring,51.8,45.4,1.0,0.61
19910,1994-10-22,10,42.1846,-89.022,fall,55.7,46.4,0.34,0.6
19936,2004-01-22,1,46.52545,-87.5034,winter,-2.4,-10.1,0.87,0.04
19958,2007-07-12,7,28.78028,-81.90477,summer,83.2,74.6,0.07,0.94
20028,1987-10-15,10,38.9969,-108.1098,fall,38.6,38.9,0.66,0.78
20100,1990-10-01,10,46.09045,-87.48289,fall,43.8,40.2,0.72,0.4
20173,1979-06-01,6,45.91515,-84.87524,summer,56.0,47.9,0.79,0.21
20202,1982-10-01,10,45.9642,-87.3289,fall,50.0,42.3,0.77,0.45
20231,2004-03-01,3,35.5467,-85.02585,spring,60.0,45.0,0.73,0.33
20235,2006-08-15,8,35.3,-111.675,summer,57.1,54.0,0.58,0.74
20363,2001-08-15,8,43.7268,-73.52,summer,64.9,53.1,0.09,0.87
20423,1979-10-18,10,42.3125,-84.7378,fall,58.1,52.7,0.99,0.92
20562,1977-12-15,12,41.73125,-70.48792,winter,40.9,40.6,0.57,0.18
20685,2007-12-20,12,31.1683,-95.59745,winter,56.5,51.0,0.38,0.38
20833,2007-06-11,6,34.27139,-110.0632,summer,55.3,38.9,0.61,0.88
20940,2000-08-01,8,30.23693,-81.54172,summer,81.1,74.1,0.18,0.06
21254,1995-12-15,12,30.08341,-85.11039,winter,66.4,60.8,0.76,0.77
21488,2007-08-18,8,43.64706,-75.57448,summer,52.4,45.6,0.37,0.18
21658,2007-08-11,8,30.10386,-81.89565,summer,84.8,75.1,0.4,0.96
21714,2007-09-12,9,33.1,-86.86,fall,76.3,69.9,0.62,0.04
21894,2003-11-27,11,39.335,-78.94501,fall,52.6,42.3,0.45,0.14
21962,2007-10-24,10,40.37726,-75.37814,fall,56.8,59.1,0.99,0.44
21977,2007-11-09,11,40.9427,-74.46155,fall,37.9,31.2,0.74,0.98
22074,2005-09-01,9,28.54028,-82.11083,fall,81.5,76.8,0.2,0.93
22358,2007-03-15,3,28.80455,-81.45354,spring,75.4,60.8,0.44,0.87
22475,2003-08-15,8,46.52352,-122.3045,summer,60.7,51.4,1.0,0.62
22598,2008-01-07,1,35.7,-117.9667,winter,32.4,28.8,0.38,0.97
22742,2008-05-23,5,45.38736,-121.5134,spring,39.8,37.8,0.95,0.61
22802,2008-10-06,10,43.21,-85.41,fall,49.7,45.2,0.96,0.23
22816,2008-01-28,1,47.74225,-122.5377,winter,36.9,31.3,0.98,0.71
22899,2008-01-19,1,31.35,-85.7075,winter,34.4,37.7,0.89,0.4
22941,2002-04-15,4,36.772,-86.1425,spring,73.1,61.6,0.12,0.09
22969,2008-01-19,1,33.46345,-85.87055,winter,25.3,26.2,0.83,0.4
22981,2006-07-12,7,37.6095,-87.344,summer,78.0,73.3,0.6,0.56
22996,2002-08-20,8,43.2073,-123.5585,summer,59.8,48.5,0.6,0.43
23017,2008-02-01,2,48.105,-121.905,winter,36.1,34.9,0.98,0.83
23062,2005-07-16,7,47.55477,-121.5354,summer,58.8,52.8,0.8,0.33
23065,2001-09-15,9,37.2362,-106.541,fall,51.4,35.0,0.22,0.94
23076,2004-06-15,6,29.43465,-81.80878,summer,80.5,73.1,0.3,0.93
23160,2007-11-16,11,47.49865,-123.2182,fall,44.5,44.3,0.93,0.22
23170,2005-03-01,3,48.11509,-121.9677,spring,51.9,41.9,0.5,0.68
23291,1998-01-31,1,40.34937,-111.6956,winter,30.2,28.3,0.54,0.13
23300,1992-12-26,12,46.35099,-123.6886,winter,40.7,40.4,0.83,0.09
23314,1998-09-01,9,34.08725,-79.1246,fall,81.0,71.9,0.28,0.33
23315,2006-04-16,4,45.99935,-121.4821,spring,40.4,31.0,0.14,0.6
23395,2006-10-16,10,38.946,-89.582,fall,53.9,45.9,0.99,0.83
23437,2004-11-25,11,39.26188,-79.01405,fall,39.5,38.8,0.76,0.47
23481,1978-07-01,7,42.68505,-84.04025,summer,61.2,54.6,0.98,0.88
23489,2007-11-22,11,41.461,-94.045,fall,21.9,21.6,1.0,0.43
23496,2003-04-15,4,44.69867,-87.49564,spring,52.1,41.7,0.13,0.46
23498,1986-11-15,11,30.07067,-82.38086,fall,58.2,49.6,0.84,0.48
23530,1973-05-01,5,44.7,-84.71,spring,55.8,48.4,0.95,0.95
23558,2008-04-05,4,46.98278,-123.1742,spring,39.8,35.2,0.8,0.98
23578,2008-04-08,4,33.27303,-97.03784,spring,65.2,59.2,0.68,0.1
23628,2008-04-18,4,35.56637,-94.98001,spring,49.6,42.3,0.71,0.45
23645,1970-04-01,4,35.68449,-83.53575,spring,57.8,37.7,0.95,0.84
23701,2005-07-03,7,34.6527,-84.0354,summer,69.7,68.0,0.49,0.91
23730,1978-11-15,11,37.7755,-85.67188,fall,46.6,40.9,1.0,0.53
23762,2007-07-27,7,37.9937,-80.3616,summer,73.1,62.9,0.67,0.42
23822,1999-09-20,9,41.5343,-111.5281,fall,47.5,42.2,0.17,0.34
23836,1976-10-20,10,38.73802,-90.53249,fall,39.6,36.2,0.68,0.9
23856,2007-07-15,7,41.59773,-73.64642,summer,72.6,64.6,0.3,0.04
23908,2006-09-07,9,41.49955,-111.6348,fall,59.4,44.6,0.2,0.5
23916,2008-05-31,5,35.0228,-87.2352,spring,78.3,68.8,0.22,0.88
23949,2008-05-03,5,40.9452,-90.9009,spring,49.4,38.0,0.61,0.93
24024,2004-06-12,6,46.63153,-123.2349,summer,57.3,44.8,0.47,0.84
24033,2008-06-15,6,45.33075,-85.23538,summer,62.8,53.3,0.19,0.41
24056,2008-05-28,5,40.8348,-93.85965,spring,60.4,46.5,0.97,0.77
24061,1979-08-10,8,37.445,-80.17,summer,75.3,68.2,0.23,0.59
24089,2008-06-21,6,47.1589,-94.83755,summer,63.8,47.9,0.21,0.59
24127,2002-09-15,9,46.18968,-85.97613,fall,55.1,48.0,0.17,0.31
24131,2006-12-22,12,37.49582,-83.89224,winter,48.3,51.9,0.93,0.07
24134,2008-06-30,6,28.63434,-81.14076,summer,81.7,71.2,0.43,0.91
24194,2001-09-04,9,39.15735,-106.4213,fall,51.8,34.4,0.34,0.56
24216,2008-07-05,7,47.2331,-123.9878,summer,57.8,56.7,1.0,0.1
24254,1992-06-14,6,34.44652,-93.07654,summer,78.9,67.7,0.67,0.49
24265,2008-07-12,7,45.73271,-90.42001,summer,65.4,52.8,0.39,0.33
24276,2008-07-26,7,35.15193,-93.42848,summer,85.9,72.9,0.08,0.79
24328,2008-08-01,8,46.03193,-123.4573,summer,57.2,53.0,0.91,0.02
24334,2005-02-10,2,34.40434,-77.23759,winter,44.4,38.2,0.57,0.07
24354,2007-11-16,11,39.607,-90.64,fall,45.1,24.3,0.0,0.21
24371,2009-02-11,2,45.91665,-117.925,winter,21.2,21.2,1.0,0.58
24393,1977-07-30,7,31.30062,-84.02254,summer,77.6,72.8,0.72,0.52
24426,2008-08-11,8,46.67197,-94.80162,summer,66.2,56.7,0.4,0.34
24441,1993-10-15,10,30.90529,-86.68372,fall,73.7,65.6,0.86,0.01
24442,2008-08-15,8,41.115,-75.205,summer,65.2,60.6,0.62,0.46
24451,2008-08-31,8,31.20325,-87.5047,summer,79.6,72.7,0.32,0.03
24508,2008-08-18,8,46.25961,-91.10812,summer,64.5,59.9,0.3,0.56
24547,1955-01-01,1,35.3218,-87.2932,winter,46.5,47.9,0.84,0.25
24612,2008-08-24,8,47.00008,-121.9563,summer,59.1,56.8,0.69,0.78
24731,2008-09-13,9,41.12782,-78.5826,fall,70.3,66.2,0.91,0.44
24755,1990-12-03,12,47.48176,-121.6548,winter,44.1,41.3,0.97,0.56
24767,1991-11-15,11,37.19201,-93.73122,fall,58.8,56.5,1.0,0.29
24776,1985-05-15,5,44.62845,-85.86292,spring,59.6,51.1,0.78,0.87
24794,1989-04-22,4,45.95602,-94.87069,spring,54.3,46.9,1.0,0.55
24800,1994-07-15,7,38.90649,-84.67017,summer,71.7,71.1,0.74,0.24
24815,1988-11-30,11,39.32117,-86.46065,fall,30.0,29.6,0.86,0.73
24892,2009-03-02,3,42.125,-123.2916,spring,33.6,35.0,0.76,0.2
24929,2009-01-28,1,41.84998,-124.1417,winter,48.0,40.6,0.53,0.08
24952,2008-05-01,5,39.11378,-76.811,spring,59.6,45.0,0.38,0.86
24967,2007-01-17,1,34.74338,-94.7297,winter,29.6,21.9,0.34,0.95
24970,1979-08-15,8,31.2371,-94.45095,summer,82.1,72.7,0.36,0.78
24997,2007-10-27,10,38.567,-89.341,fall,50.4,46.0,0.6,0.56
25009,1962-08-14,8,37.475,-121.07,summer,78.5,42.9,0.0,0.46
25031,2008-11-18,11,44.565,-83.845,fall,21.7,12.9,0.59,0.7
25043,2001-10-15,10,34.8155,-84.58501,fall,55.7,44.3,0.0,0.96
25085,2008-12-19,12,41.79985,-75.9799,winter,21.3,22.0,0.84,0.76
25111,2008-11-28,11,34.55946,-86.59747,fall,54.3,44.0,0.59,0.03
25137,1999-04-15,4,38.63295,-75.80465,spring,54.6,37.1,0.56,0.98
25237,2008-12-01,12,39.74356,-86.81714,winter,27.7,26.7,1.0,0.12
25265,2008-12-07,12,40.86765,-109.5143,winter,38.3,20.5,0.0,0.32
25267,1980-12-24,12,38.72226,-89.80125,winter,15.4,17.8,0.75,0.61
25301,2008-12-28,12,39.10023,-79.4593,winter,42.1,38.0,0.14,0.04
25364,2009-05-17,5,41.60551,-70.97708,spring,54.2,52.2,0.86,0.76
25454,1984-08-01,8,39.17295,-84.971,summer,77.4,67.7,0.86,0.16
25511,2008-10-12,10,37.33815,-107.501,fall,30.2,10.2,0.25,0.42
25533,2006-11-15,11,43.61538,-123.5036,fall,48.0,42.2,0.54,0.84
25559,2009-02-24,2,34.71139,-86.6575,winter,47.8,22.8,0.39,0.99
25577,2003-03-15,3,28.48106,-81.11927,spring,71.5,65.1,0.71,0.4
25592,1986-05-24,5,36.5802,-86.5104,spring,67.1,61.8,0.99,0.53
25621,2009-03-19,3,48.17107,-122.5089,spring,48.3,42.6,1.0,0.78
25651,1996-10-01,10,43.87,-84.355,fall,67.8,52.4,0.52,0.66
25693,2009-03-15,3,34.70107,-83.6746,spring,54.2,46.0,0.98,0.66
25703,2009-03-25,3,34.36778,-94.68028,spring,54.2,43.2,0.31,0.96
25715,2005-09-14,9,41.2584,-81.56255,fall,73.3,61.4,0.49,0.37
25724,2006-04-01,4,41.12884,-80.85832,spring,46.8,45.0,1.0,0.12
25860,2009-08-10,8,38.62563,-96.44296,summer,74.2,67.6,0.36,0.65
25979,2009-05-17,5,29.77291,-81.8592,spring,77.2,68.4,0.37,0.76
26013,2008-10-18,10,35.0554,-79.88049,fall,53.0,48.7,0.95,0.64
26029,1975-07-01,7,34.45025,-82.56786,summer,82.1,65.8,0.56,0.75
26039,2008-05-13,5,42.17577,-88.09506,spring,64.3,43.9,0.23,0.3
26065,2007-08-18,8,46.85,-121.25,summer,45.5,40.9,0.62,0.19
26100,1996-11-15,11,33.14759,-93.89135,fall,65.9,49.8,0.52,0.16
26101,1995-01-15,1,46.94102,-123.7727,winter,45.1,44.0,0.98,0.46
26137,2009-06-13,6,44.50455,-123.5524,summer,50.2,48.9,0.89,0.68
26149,2009-06-16,6,39.03501,-84.1317,summer,72.9,65.1,0.48,0.78
26179,2002-02-13,2,37.182,-113.7382,winter,53.4,1.3,0.03,0.05
26196,2000-10-01,10,44.16985,-85.63835,fall,68.8,50.4,0.01,0.13
26224,1991-04-10,4,44.68557,-118.0891,spring,32.3,23.4,0.58,0.86
26279,2002-08-13,8,39.355,-80.915,summer,81.1,64.0,0.24,0.18
26313,2009-07-17,7,33.49565,-84.5317,summer,74.4,69.5,0.44,0.83
26338,2009-07-26,7,43.32,-73.81,summer,70.2,67.0,0.6,0.17
26377,2001-01-13,1,28.14617,-82.24487,winter,54.4,45.5,0.38,0.64
26554,2009-09-08,9,36.03501,-96.36707,fall,80.3,67.6,0.35,0.63
26566,2003-09-20,9,43.27314,-76.89331,fall,60.4,52.1,0.35,0.81
26577,2009-06-18,6,30.25389,-81.8992,summer,78.3,73.8,0.61,0.85
26581,1982-01-01,1,28.29425,-82.71758,winter,72.8,69.7,0.67,0.2
26587,1975-07-15,7,40.54919,-85.69739,summer,74.8,56.5,0.3,0.24
26604,2009-07-15,7,64.89139,-147.8142,summer,54.4,52.5,0.85,0.77
26617,2011-05-19,5,44.62,-83.62335,spring,54.2,54.5,1.0,0.58
26694,2009-09-24,9,37.66643,-90.86792,fall,65.9,65.6,0.91,0.2
26711,2009-10-01,10,34.49108,-94.49968,fall,62.6,63.8,0.6,0.41
26767,2009-10-04,10,34.21174,-96.63857,fall,58.3,56.2,1.0,0.52
26830,2009-10-31,10,39.42635,-81.37085,fall,51.7,49.6,0.81,0.42
26874,2009-09-24,9,40.65639,-89.04518,fall,67.8,63.2,0.24,0.2
26919,2009-11-24,11,38.4063,-90.7357,fall,49.4,46.3,0.9,0.25
26947,2009-11-21,11,30.9725,-87.265,fall,61.4,51.0,0.65,0.16
26957,2009-11-30,11,40.65083,-78.52589,fall,40.0,34.7,1.0,0.44
26962,1961-10-15,10,36.06055,-89.98725,fall,53.5,30.4,0.0,0.2
27012,1979-10-10,10,32.40191,-90.19371,fall,51.5,43.7,0.7,0.67
27028,2004-06-01,6,46.02361,-92.88618,summer,50.8,47.5,0.91,0.44
27035,1972-10-28,10,43.1546,-75.73906,fall,55.1,46.1,0.98,0.72
27076,2000-06-13,6,29.58358,-82.33316,summer,82.9,69.9,0.36,0.4
27089,2009-10-15,10,38.2081,-91.16042,fall,45.4,44.2,0.98,0.91
27177,2010-01-22,1,34.76666,-118.5834,winter,36.4,33.6,0.82,0.23
27250,1981-08-28,8,29.47368,-82.6783,summer,75.3,74.0,0.75,0.97
27300,2009-08-15,8,31.18562,-83.66153,summer,80.7,72.5,0.55,0.82
27307,2006-07-04,7,33.81435,-96.76199,summer,81.5,69.4,0.4,0.28
27323,2009-10-13,10,37.65805,-83.79678,fall,54.0,53.4,0.92,0.84
27410,1986-01-14,1,36.87593,-89.86899,winter,32.3,23.8,0.39,0.15
27429,2010-03-10,3,43.8708,-89.18135,spring,39.8,38.6,1.0,0.84
27459,2010-03-12,3,33.8957,-87.53395,spring,53.6,46.6,0.68,0.9
27486,1994-04-22,4,35.8606,-89.0912,spring,59.4,44.4,0.24,0.38
27522,2009-12-14,12,36.19746,-84.66167,winter,55.1,49.6,0.93,0.94
27545,2010-03-26,3,37.22604,-82.74595,spring,36.2,36.4,0.84,0.38
27568,2005-01-12,1,34.70112,-87.77686,winter,64.3,59.0,0.8,0.09
27587,2005-10-20,10,27.07842,-81.99105,fall,81.7,72.3,0.25,0.61
27702,2010-08-15,8,39.08414,-76.82731,summer,74.6,70.0,0.96,0.21
27803,2010-05-22,5,46.84748,-122.2719,spring,47.0,41.7,0.74,0.32
27865,2010-06-09,6,46.49406,-122.5319,summer,54.1,50.7,0.73,0.9
27906,2010-12-04,12,35.31924,-80.03551,winter,34.6,29.9,0.65,0.97
27976,2010-07-10,7,40.38335,-87.0796,summer,75.4,62.3,0.04,0.96
27978,1973-07-01,7,41.76292,-91.59415,summer,78.8,66.3,0.79,0.05
27983,1974-08-01,8,35.665,-120.55,summer,79.3,53.5,0.0,0.46
28005,2010-07-16,7,36.25466,-86.15759,summer,83.9,73.6,0.23,0.18
28008,2010-07-05,7,42.97569,-88.44846,summer,79.2,69.4,0.59,0.79
28017,2010-11-08,11,42.54334,-71.80123,fall,41.2,36.9,1.0,0.09
28065,2008-10-26,10,45.95359,-88.38782,fall,38.0,35.2,0.61,0.93
28110,2009-06-27,6,40.19732,-88.724,summer,80.0,63.5,0.09,0.18
28123,1995-08-15,8,45.90052,-122.3898,summer,59.3,52.0,0.96,0.67
28197,1977-10-01,10,46.98578,-122.6997,fall,47.6,46.4,0.73,0.64
28200,2009-10-10,10,28.44926,-81.95577,fall,82.0,75.2,0.3,0.72
28237,2010-09-05,9,28.50566,-81.97483,fall,82.3,74.4,0.49,0.9
28370,1978-08-01,8,39.65749,-89.56981,summer,74.6,65.5,0.87,0.93
28409,2002-06-15,6,46.50835,-123.0235,summer,61.4,49.4,0.63,0.17
28418,1991-08-14,8,29.39384,-82.44225,summer,81.8,68.0,0.41,0.17
28427,2010-10-24,10,43.32922,-92.06343,fall,58.5,57.0,0.87,0.55
28429,2007-10-27,10,40.82944,-89.73378,fall,45.6,40.9,0.55,0.56
28438,2010-10-22,10,48.32675,-121.6962,fall,40.4,41.1,0.81,0.48
28484,2006-07-22,7,39.57463,-90.24173,summer,70.6,58.4,0.32,0.92
28487,2011-01-11,1,47.41995,-123.2005,winter,31.9,24.4,0.43,0.23
28526,2004-07-15,7,31.9853,-81.61756,summer,79.7,73.8,0.61,0.94
28531,2010-11-18,11,41.16984,-81.64181,fall,37.5,36.5,0.96,0.4
28532,2010-11-17,11,46.82742,-123.7095,fall,43.6,43.1,0.97,0.37
28534,2006-08-26,8,39.53747,-90.17564,summer,76.2,70.2,0.55,0.09
28569,2008-12-27,12,40.5634,-89.95824,winter,44.2,50.8,1.0,0.01
28580,2008-10-16,10,41.34404,-78.04547,fall,52.5,52.2,0.89,0.57
28667,2011-08-14,8,42.08179,-72.82665,summer,66.8,64.3,0.98,0.53
28668,2011-05-23,5,44.76665,-85.00165,spring,56.0,57.5,0.87,0.71
28678,1961-03-18,3,28.90854,-82.34611,spring,74.5,64.7,0.79,0.07
28689,1999-06-30,6,38.56724,-92.07335,summer,74.0,64.2,0.77,0.55
28739,2011-01-16,1,47.94485,-123.5436,winter,46.8,45.6,0.98,0.39
28781,2002-08-01,8,47.2838,-124.2306,summer,55.9,48.4,0.41,0.76
28803,1997-11-01,11,40.8179,-85.3532,fall,47.5,48.7,1.0,0.04
28805,1982-06-25,6,44.66666,-85.79052,summer,48.3,53.8,0.94,0.16
28820,1994-02-12,2,41.15384,-81.1124,winter,33.6,23.1,0.88,0.07
28823,2011-01-25,1,47.77293,-122.5552,winter,46.4,44.4,0.9,0.72
28839,2011-02-06,2,33.94073,-94.09966,winter,45.1,32.1,0.51,0.11
28856,2011-02-04,2,46.86044,-122.7043,winter,45.9,43.6,0.99,0.06
28861,2009-10-22,10,39.02502,-86.49139,fall,63.2,51.9,0.3,0.15
28886,2011-02-20,2,36.65339,-105.9678,winter,21.8,18.3,0.85,0.59
28898,2008-06-07,6,47.12045,-121.5298,summer,42.6,40.5,1.0,0.15
28912,2011-02-22,2,38.9264,-82.14285,winter,31.8,29.7,1.0,0.66
28946,1981-08-15,8,34.55154,-112.5421,summer,65.5,54.1,0.28,0.51
29091,2009-07-17,7,45.35665,-84.605,summer,57.4,52.3,0.89,0.83
29139,2013-02-15,2,41.01941,-74.57013,winter,39.3,28.8,0.32,0.19
29165,2011-04-15,4,37.60075,-88.38197,spring,55.3,50.5,0.65,0.41
29170,2011-04-26,4,47.90079,-121.6692,spring,44.0,39.2,0.8,0.8
29178,1980-11-16,11,42.068,-84.22701,fall,31.6,23.4,0.34,0.29
29227,2011-05-03,5,37.2276,-88.7584,spring,50.9,41.7,0.5,0.01
29241,1999-10-09,10,39.75616,-88.62624,fall,63.2,63.2,0.99,0.02
29265,2008-05-23,5,39.02341,-90.40184,spring,65.3,54.2,0.73,0.61
29287,2000-04-07,4,41.7584,-90.0795,spring,36.1,29.9,0.91,0.1
29330,1989-05-15,5,39.64819,-78.32549,spring,56.0,55.4,1.0,0.34
29417,2010-11-18,11,34.73147,-92.75093,fall,45.2,44.5,0.9,0.4
29495,2011-06-15,6,39.66676,-89.68079,summer,69.8,63.7,0.43,0.5
29675,1997-10-13,10,45.87165,-87.02158,fall,47.4,47.9,0.7,0.42
29690,2004-03-04,3,40.91689,-111.8038,spring,24.0,21.6,0.89,0.42
29794,2008-11-29,11,36.1874,-87.0886,fall,48.8,33.2,0.95,0.06
29975,1993-04-15,4,47.147,-122.6028,spring,47.4,45.0,0.9,0.81
30003,2011-07-18,7,41.42396,-88.71103,summer,83.3,75.3,0.11,0.62
30004,2005-10-10,10,34.17521,-85.18678,fall,70.4,62.8,0.82,0.25
30006,2002-02-16,2,38.9766,-78.6205,winter,38.0,28.1,0.42,0.13
30090,2009-11-15,11,44.22671,-86.10172,fall,34.9,32.4,0.42,0.96
30198,1983-08-01,8,38.1078,-82.73412,summer,77.8,68.2,0.76,0.74
30203,2004-10-30,10,40.14471,-89.41959,fall,51.8,46.7,0.25,0.58
30258,2003-09-13,9,38.48342,-77.34673,fall,74.3,67.4,0.93,0.6
30369,2011-08-08,8,39.11929,-83.40022,summer,78.7,69.9,0.29,0.33
30548,2020-02-16,2,40.26059,-81.22332,winter,34.7,27.9,0.54,0.79
30573,1991-10-19,10,39.04035,-94.16049,fall,44.4,23.6,0.38,0.37
30634,2011-05-14,5,39.6946,-76.6691,spring,59.7,57.4,1.0,0.4
30735,1995-10-14,10,35.18083,-79.21278,fall,69.3,70.3,0.96,0.69
30753,2011-11-05,11,45.0,-85.0,fall,45.4,31.3,0.0,0.34
30789,2011-11-03,11,45.1365,-83.5175,fall,38.4,36.2,0.49,0.28
30896,2011-10-20,10,41.4209,-88.706,fall,41.1,35.9,0.97,0.77
30902,2002-11-15,11,46.60424,-87.46171,fall,14.7,17.4,0.96,0.37
30929,2003-06-14,6,26.80829,-80.16933,summer,80.0,72.8,0.53,0.51
31000,2009-06-17,6,41.13183,-81.11617,summer,68.7,64.2,0.97,0.81
31005,2005-06-01,6,35.97231,-84.88466,summer,62.9,59.3,0.79,0.83
31025,2010-08-15,8,46.19183,-86.21193,summer,65.2,62.4,0.51,0.21
31153,2011-07-04,7,28.98491,-81.43248,summer,82.4,71.7,0.25,0.12
31166,2009-08-16,8,47.5,-93.0,summer,60.5,63.5,0.85,0.86
31368,2011-09-15,9,39.08002,-84.79574,fall,53.7,42.4,0.43,0.6
31439,2010-07-18,7,40.11682,-81.4936,summer,78.0,69.7,0.41,0.26
31444,1978-07-15,7,41.871,-84.2995,summer,70.2,67.9,0.48,0.33
31488,1998-10-15,10,45.48318,-118.83,fall,41.9,35.1,0.61,0.86
31648,2012-01-16,1,37.047,-77.90815,winter,43.4,20.3,0.17,0.76
31852,2011-06-04,6,41.23739,-81.60576,summer,77.0,58.9,0.24,0.09
31858,2011-12-19,12,38.71682,-87.68468,winter,46.5,39.4,0.99,0.82
32227,2009-08-16,8,26.1875,-81.69245,summer,83.6,74.2,0.18,0.86
32249,2007-04-10,4,28.85982,-81.48534,spring,65.4,59.7,0.91,0.75
32256,2011-05-05,5,39.7273,-97.34005,spring,53.6,41.8,0.39,0.08
32302,1989-12-15,12,30.55044,-83.48494,winter,50.3,38.1,0.57,0.61
32377,2010-11-14,11,36.8817,-84.0821,fall,43.8,41.8,0.94,0.28
32400,2008-09-13,9,42.18476,-88.29926,fall,69.4,69.5,0.99,0.44
32620,1983-11-28,11,40.28488,-81.58699,fall,48.9,48.1,0.88,0.79
32696,2012-01-22,1,46.59632,-122.5308,winter,35.4,36.5,0.91,0.98
32824,1986-09-15,9,47.10637,-122.5958,fall,59.4,46.5,0.92,0.42
32976,2008-12-03,12,44.685,-85.433,winter,27.3,29.0,1.0,0.18
33187,2011-11-15,11,37.97699,-84.90234,fall,55.6,54.2,1.0,0.65
33256,2011-04-16,4,37.047,-77.90815,spring,56.7,55.6,0.77,0.45
33264,2012-01-23,1,41.73534,-90.22054,winter,30.1,29.6,1.0,0.02
33307,1983-10-14,10,31.13586,-87.06486,fall,61.1,44.4,0.84,0.28
33322,2010-08-15,8,36.8216,-87.93167,summer,84.0,74.8,0.29,0.21
33358,1977-05-21,5,34.79914,-77.10508,spring,74.5,63.2,0.79,0.11
33611,2003-07-15,7,45.351,-83.4885,summer,65.6,61.0,0.56,0.57
33638,1991-11-16,11,38.51689,-90.16501,fall,48.2,47.0,1.0,0.32
33859,1987-07-11,7,41.42741,-88.71402,summer,84.3,69.5,0.7,0.52
33908,1995-07-05,7,48.92928,-122.2638,summer,62.6,52.7,0.69,0.25
34312,2006-08-15,8,43.689,-86.376,summer,62.4,54.0,0.04,0.73
34337,2008-11-15,11,38.0735,-77.2265,fall,56.6,58.7,0.92,0.59
34479,2007-03-15,3,47.6633,-122.1253,spring,46.2,34.5,0.67,0.88
34664,2012-03-19,3,40.24786,-81.15179,spring,68.2,56.2,0.49,0.92
34710,2012-03-20,3,46.78571,-122.7515,spring,38.8,37.4,0.93,0.94
34725,2003-08-16,8,38.06181,-82.69125,summer,76.3,72.3,0.38,0.65
34787,1983-08-25,8,28.40593,-81.5547,summer,81.0,76.0,0.86,0.56
35079,2020-03-04,3,40.30824,-81.24778,spring,39.8,33.5,0.2,0.33
35114,1988-09-16,9,36.2635,-83.918,fall,70.2,68.4,0.98,0.17
35184,2017-08-15,8,45.0255,-89.02036,summer,66.0,56.8,0.42,0.78
35206,2010-10-02,10,38.18881,-88.83003,fall,50.7,44.4,0.32,0.81
35236,2012-05-01,5,39.2065,-86.22125,spring,72.0,62.3,0.83,0.34
35474,2011-09-18,9,29.47529,-81.78307,fall,78.2,70.8,0.67,0.69
35475,2012-05-21,5,33.41574,-88.12475,spring,70.7,64.4,0.4,0.02
35477,1970-05-15,5,39.14588,-77.67422,spring,59.8,54.5,0.99,0.32
35479,2010-09-15,9,45.86883,-121.4813,fall,64.3,49.7,0.32,0.27
35574,2012-05-28,5,28.91605,-81.32394,spring,78.9,71.2,0.45,0.25
35593,2012-05-29,5,41.63039,-87.86476,spring,68.6,49.3,0.3,0.29
35631,2012-05-30,5,31.62608,-84.16016,spring,79.3,65.7,0.1,0.32
35669,2012-06-02,6,47.19006,-124.199,summer,52.4,46.9,0.78,0.44
35769,2011-08-26,8,28.13136,-81.00677,summer,85.1,74.5,0.38,0.91
35883,2010-04-15,4,41.7822,-91.57033,spring,66.8,50.9,0.2,0.04
35981,2011-06-10,6,36.932,-80.89,summer,74.1,62.3,0.06,0.31
36011,1987-03-19,3,34.38638,-98.99414,spring,61.4,44.8,0.74,0.64
36072,2011-10-14,10,36.62492,-81.48593,fall,49.7,44.1,0.64,0.58
36218,1995-03-15,3,25.39544,-80.59502,spring,71.9,59.9,0.4,0.45
36230,2011-11-20,11,38.24361,-85.03827,fall,55.8,55.1,0.98,0.83
36306,2011-03-05,3,37.71917,-89.48784,spring,37.7,40.2,1.0,0.03
36326,2004-07-15,7,47.08824,-123.7194,summer,64.3,55.6,0.93,0.95
36381,2012-09-01,9,42.51519,-87.52243,fall,72.3,62.6,0.39,0.54
36406,2012-08-09,8,40.45273,-90.79664,summer,72.0,66.0,0.42,0.75
36498,2012-09-13,9,33.33171,-93.98622,fall,76.1,67.3,0.41,0.91
36514,2012-09-21,9,42.50969,-90.84215,fall,47.6,46.0,0.82,0.21
36826,2012-10-27,10,28.54293,-80.94411,fall,67.0,63.4,0.71,0.43
37307,2000-09-02,9,48.0744,-121.7915,fall,48.7,45.3,0.83,0.16
37386,2012-11-13,11,38.71,-75.36536,fall,42.7,44.2,0.92,0.99
37522,1980-11-08,11,39.8732,-88.9813,fall,56.6,43.8,0.77,0.03
37553,1974-03-15,3,42.225,-85.6885,spring,36.3,28.7,1.0,0.74
37692,2010-03-02,3,40.36207,-81.18504,spring,32.1,26.0,0.97,0.59
37730,2008-01-02,1,47.09762,-122.5368,winter,43.7,38.6,0.93,0.82
37793,2021-02-03,2,40.40192,-81.08803,winter,20.2,19.0,0.73,0.73
37797,2010-08-01,8,44.73109,-86.11156,summer,71.6,63.9,0.44,0.7
37862,2011-12-15,12,33.40425,-91.48295,winter,53.5,59.1,0.94,0.67
37885,2010-06-10,6,48.10255,-122.2763,summer,56.5,50.1,0.96,0.94
38015,2012-12-04,12,36.14065,-92.52505,winter,44.8,50.4,0.52,0.69
38224,2012-12-11,12,48.11308,-122.1375,winter,42.1,40.5,1.0,0.94
38386,2000-10-01,10,42.12302,-72.89154,fall,56.4,46.9,0.38,0.13
38395,2012-12-20,12,41.53346,-87.75156,winter,37.6,39.0,1.0,0.26
38411,2000-07-15,7,38.3331,-79.35755,summer,65.7,61.7,0.32,0.47
38413,2012-10-15,10,47.06045,-122.157,fall,53.4,55.5,0.92,0.01
38619,2012-12-24,12,37.64224,-79.79759,winter,37.5,33.5,0.77,0.39
38873,2012-07-15,7,34.05198,-85.16238,summer,78.7,71.6,0.27,0.89
39025,1986-09-15,9,48.00503,-122.911,fall,53.8,46.3,0.66,0.42
39031,2009-10-15,10,43.89418,-87.94178,fall,38.4,33.7,1.0,0.91
39084,2013-01-16,1,39.40458,-87.7313,winter,32.5,23.7,0.49,0.18
39098,2012-10-04,10,39.73333,-89.61281,fall,62.4,53.0,0.38,0.64
39121,1999-02-15,2,38.676,-75.18375,winter,38.4,17.9,0.0,0.98
39329,2015-10-02,10,41.17838,-74.52625,fall,46.8,44.1,0.82,0.67
39812,2000-07-15,7,38.9706,-79.4123,summer,62.4,59.5,0.64,0.47
39851,2010-08-14,8,41.53346,-87.75156,summer,80.2,71.2,0.31,0.17
40019,2013-02-23,2,29.96828,-81.4048,winter,72.5,64.8,0.69,0.43
40075,2013-02-26,2,40.67577,-89.60034,winter,32.5,30.9,0.93,0.53
40120,2013-03-01,3,37.61335,-89.15173,spring,31.7,30.3,1.0,0.63
40177,2013-10-15,10,36.39835,-93.14626,fall,55.2,58.5,0.99,0.39
40204,2013-04-11,4,44.2725,-83.89001,spring,31.4,27.1,0.86,0.04
40306,2013-03-08,3,38.5229,-94.19245,spring,48.7,34.3,0.26,0.89
40362,2012-08-15,8,37.15814,-80.36054,summer,66.7,63.7,0.34,0.93
40462,2012-12-29,12,39.70852,-75.38251,winter,33.4,28.2,0.82,0.54
40618,2013-03-24,3,30.54079,-84.91096,spring,61.6,62.7,0.58,0.41
40619,2013-03-16,3,39.6543,-83.7278,spring,42.6,38.8,0.72,0.16
40715,2012-03-24,3,41.11447,-80.14099,spring,59.1,57.6,0.9,0.07
40718,2011-10-28,10,42.95915,-89.6816,fall,43.6,31.4,0.35,0.07
40901,2013-02-24,2,28.96416,-81.21989,winter,68.1,65.6,0.61,0.46
40995,2009-07-15,7,40.45428,-90.78947,summer,75.0,67.6,0.4,0.76
41012,2013-04-27,4,39.30745,-94.59565,spring,47.2,47.2,0.96,0.57
41169,2013-05-10,5,33.95003,-85.35133,spring,66.7,57.9,0.22,0.02
41195,2013-05-19,5,38.524,-94.1927,spring,72.6,65.1,0.48,0.3
41270,2013-05-27,5,40.59307,-82.14194,spring,59.1,43.5,0.42,0.59
41275,2013-05-23,5,28.45247,-81.01299,spring,78.5,70.1,0.23,0.44
41309,2013-04-29,4,28.525,-81.95499,spring,76.7,64.1,0.43,0.64
41427,1994-08-23,8,36.66887,-93.29459,summer,74.9,61.3,0.44,0.58
41452,2013-06-17,6,40.12719,-81.50403,summer,72.9,64.7,0.41,0.29
41503,2012-06-12,6,29.97917,-81.85223,summer,82.1,72.1,0.34,0.79
41506,2013-06-26,6,35.78043,-81.77603,summer,77.7,66.3,0.26,0.62
41514,2013-06-26,6,45.941,-89.21035,summer,74.8,65.7,0.66,0.62
41739,2003-04-15,4,34.9533,-81.56005,spring,64.9,53.8,0.02,0.46
41770,2013-07-31,7,44.68047,-83.61314,summer,62.8,59.6,0.73,0.81
41774,2013-06-25,6,41.22248,-81.91616,summer,77.6,68.5,0.43,0.58
41827,2009-02-15,2,36.38605,-92.30614,winter,33.0,25.6,0.69,0.71
41935,2013-08-05,8,38.68775,-105.047,summer,65.0,48.4,0.24,0.96
42022,2013-04-13,4,41.11417,-82.07824,spring,37.8,33.7,0.92,0.11
42056,2013-09-02,9,44.83369,-85.72845,fall,58.0,52.5,1.0,0.91
42064,2013-08-31,8,38.57716,-79.11095,summer,71.3,67.5,0.4,0.85
42295,2013-06-28,6,48.1316,-92.296,summer,64.4,60.9,0.87,0.69
42304,2013-09-21,9,47.61922,-123.1592,fall,52.1,50.4,0.86,0.58
42352,2004-10-29,10,43.0,-124.43,fall,54.2,47.7,0.55,0.56
42448,2013-09-30,9,47.0562,-124.0556,fall,52.3,48.6,0.84,0.86
42473,2013-11-02,11,30.7114,-94.04529,fall,57.6,49.0,0.13,0.97
42580,2012-08-17,8,35.56577,-79.75537,summer,76.5,65.8,0.2,0.99
42647,2013-11-02,11,48.74915,-116.8415,fall,38.6,36.2,0.85,0.97
42736,1986-10-17,10,48.93228,-121.9995,fall,43.1,42.1,0.97,0.5
43122,2013-12-27,12,42.82445,-90.24295,winter,30.9,21.4,0.52,0.83
43145,2005-10-22,10,45.78247,-87.326,fall,41.0,41.1,0.93,0.68
43193,2013-11-30,11,37.603,-81.2625,fall,32.8,21.7,0.0,0.91
43211,2000-06-10,6,43.85809,-89.81407,summer,76.8,68.5,0.47,0.3
43319,2014-05-14,5,39.34657,-90.1173,spring,49.9,45.3,0.48,0.49
43348,2014-05-14,5,39.30525,-90.0933,spring,50.0,46.2,0.61,0.49
43611,2014-01-05,1,34.81182,-84.3453,winter,33.6,40.8,0.98,0.16
43619,2014-05-12,5,40.9119,-90.928,spring,69.4,67.3,0.53,0.43
44003,2014-05-14,5,37.63264,-89.17177,spring,48.9,49.8,1.0,0.49
44262,2014-02-15,2,41.85256,-80.96186,winter,13.8,12.9,0.84,0.52
44263,2013-06-25,6,42.09091,-71.42092,summer,79.9,68.0,0.19,0.58
44401,2014-02-09,2,40.33838,-105.5728,winter,20.4,19.1,0.99,0.34
44429,2014-04-04,4,42.03477,-93.92304,spring,33.1,29.6,0.91,0.17
44489,2003-07-01,7,47.8465,-122.1357,summer,57.6,46.4,0.58,0.06
44644,2014-05-12,5,38.87531,-87.90503,spring,74.9,69.3,0.42,0.43
44649,2014-05-12,5,41.72264,-89.80784,spring,68.5,66.8,0.59,0.43
44793,2011-08-11,8,47.39974,-94.41713,summer,71.1,57.9,0.31,0.44
44849,2014-12-27,12,33.37095,-87.6942,winter,54.1,47.7,0.94,0.21
44946,2014-05-02,5,47.34072,-122.0775,spring,58.1,49.1,0.38,0.12
45041,2014-05-14,5,41.63289,-87.79683,spring,48.5,42.3,0.91,0.49
45137,2001-01-20,1,26.9745,-82.1475,winter,49.2,57.2,0.6,0.88
45296,2014-06-09,6,34.00806,-86.96416,summer,74.5,68.3,0.38,0.38
45423,2002-05-15,5,47.41184,-123.3212,spring,46.0,38.0,0.61,0.11
45566,2013-12-15,12,27.45883,-80.79379,winter,64.4,68.2,0.69,0.45
45570,2014-04-03,4,38.90323,-78.48832,spring,57.7,47.4,0.85,0.14
45572,2000-10-21,10,44.50587,-85.51546,fall,46.8,39.4,0.21,0.8
45903,2013-05-18,5,39.69191,-74.55341,spring,60.4,52.1,0.89,0.27
45958,2012-10-19,10,41.07374,-80.12229,fall,54.6,42.0,0.71,0.15
45976,2000-09-01,9,42.20901,-84.53098,fall,78.7,70.0,0.14,0.12
46330,2014-08-20,8,34.28665,-117.3395,summer,66.9,50.2,0.38,0.85
46439,2014-09-05,9,41.12409,-90.16382,fall,70.2,68.4,0.47,0.37
46520,2014-03-15,3,46.96114,-124.1526,spring,49.1,46.6,0.92,0.47
46534,2014-09-05,9,41.78913,-84.53609,fall,77.5,69.9,0.3,0.37
46604,2014-08-15,8,29.97454,-81.55172,summer,79.7,74.5,0.29,0.68
46780,2015-04-20,4,42.64809,-72.91994,spring,44.5,37.2,0.82,0.07
46795,2014-10-12,10,38.77741,-105.9111,fall,32.1,28.1,0.66,0.65
46817,2014-10-23,10,47.47025,-92.75357,fall,49.3,44.7,0.67,0.99
46834,2008-06-14,6,40.73206,-80.61996,summer,65.7,66.0,0.78,0.38
47021,2014-09-09,9,27.19995,-81.98468,fall,81.3,73.7,0.24,0.52
47249,2015-01-12,1,40.9474,-90.4429,winter,9.3,10.4,0.31,0.73
47412,2014-12-27,12,39.2038,-89.9758,winter,38.7,39.5,1.0,0.21
47460,2005-01-13,1,38.8609,-79.55928,winter,47.2,48.9,0.61,0.12
47469,2015-01-02,1,39.8352,-88.47835,winter,35.7,24.6,0.59,0.42
47499,2015-01-02,1,33.25,-95.84,winter,41.0,38.2,1.0,0.42
47649,2005-07-15,7,40.625,-90.3832,summer,78.4,63.4,0.03,0.29
47702,2015-01-09,1,29.52533,-98.15854,winter,36.4,29.4,1.0,0.64
48013,1978-10-15,10,41.21365,-80.26563,fall,40.2,33.1,0.63,0.48
48086,2011-10-19,10,33.94979,-84.82338,fall,48.6,48.6,1.0,0.74
48101,2016-08-13,8,41.68669,-73.35194,summer,82.0,74.6,0.22,0.34
48575,2015-05-01,5,40.94997,-80.07443,spring,53.0,43.4,0.51,0.42
48665,2015-05-11,5,30.74715,-91.76733,spring,74.3,70.2,0.56,0.76
48930,2015-06-03,6,47.76524,-94.07877,summer,61.8,58.9,0.84,0.54
49084,1975-06-20,6,25.54494,-80.47805,summer,77.3,72.9,0.77,0.4
49096,2015-06-23,6,41.29453,-74.68758,summer,70.4,67.9,0.2,0.23
49148,2015-06-29,6,30.0326,-83.52959,summer,82.0,72.4,0.54,0.41
49512,2015-04-09,4,41.85164,-70.95207,spring,38.1,34.8,1.0,0.67
49614,2015-08-24,8,41.06939,-82.36591,summer,64.0,55.5,0.41,0.31
49653,2020-08-14,8,40.29771,-80.75612,summer,78.7,67.0,0.38,0.86
49664,2015-08-30,8,48.03062,-117.5429,summer,56.6,46.1,0.51,0.54
49746,2015-09-09,9,37.38661,-79.55045,fall,78.2,68.7,0.34,0.89
49813,1985-08-15,8,41.40985,-82.11172,summer,74.1,68.1,0.95,0.97
49869,2014-11-20,11,46.86113,-122.2669,fall,47.2,43.5,0.99,0.94
49883,2015-10-02,10,40.89452,-74.79077,fall,46.7,44.4,0.93,0.67
49903,2006-01-01,1,41.73315,-78.93985,winter,31.6,27.8,0.97,0.06
49906,2015-09-24,9,35.31331,-80.00272,fall,68.5,58.3,0.61,0.37
49993,2016-04-05,4,42.86222,-72.60887,spring,24.0,8.5,0.03,0.93
50039,2015-09-05,9,48.18676,-118.0076,fall,41.8,42.9,0.99,0.76
50123,1978-10-01,10,40.04755,-80.25645,fall,56.9,54.6,0.77,0.98
50160,2012-06-01,6,47.09982,-122.6246,summer,60.0,57.8,0.87,0.4
50178,2014-01-14,1,33.89833,-86.84557,winter,48.0,39.3,0.38,0.46
50214,2015-11-11,11,47.34805,-122.741,fall,46.7,41.7,0.45,0.01
50297,2015-11-26,11,45.7922,-111.3637,fall,12.9,1.5,0.08,0.54
50318,2015-10-21,10,38.05344,-82.5446,fall,61.4,42.4,0.02,0.29
50341,2015-11-21,11,37.4351,-89.30203,fall,33.2,30.0,0.73,0.35
50393,2015-12-01,12,40.01209,-82.13298,winter,49.2,49.5,0.84,0.7
50462,2015-09-26,9,28.20249,-81.45163,fall,82.0,74.6,0.35,0.45
50502,2013-11-12,11,38.27372,-89.21439,fall,26.9,22.5,0.32,0.34
50541,2015-12-28,12,35.34737,-91.60007,winter,43.9,39.7,0.95,0.61
50589,2002-08-08,8,38.44367,-79.1347,summer,64.3,55.0,0.21,0.99
50746,2015-12-22,12,37.53918,-83.46014,winter,59.5,54.8,0.72,0.4
50756,2015-06-15,6,36.22935,-95.2419,summer,75.2,71.5,0.49,0.97
50856,2020-02-29,2,40.40611,-81.13733,winter,24.9,13.5,0.33,0.2
50901,2016-01-20,1,44.05917,-122.9343,winter,47.3,40.1,0.89,0.39
51005,2016-01-30,1,44.6908,-69.3614,winter,33.8,25.5,0.74,0.71
51044,2015-07-14,7,30.1766,-85.8055,summer,85.6,77.4,0.12,0.96
51283,2010-06-05,6,41.51954,-78.87955,summer,71.0,64.4,0.77,0.77
51417,2016-03-14,3,41.53887,-87.62597,spring,48.7,45.6,0.99,0.21
51530,1988-07-13,7,33.32237,-116.8782,summer,55.5,52.3,0.63,0.01
51612,2015-06-17,6,33.675,-98.225,summer,71.6,70.6,0.91,0.04
51678,2015-11-30,11,42.33531,-90.93558,fall,35.9,33.9,1.0,0.67
51739,1990-09-09,9,38.31738,-82.51773,fall,75.8,68.8,0.84,0.66
51869,2015-08-17,8,35.8525,-80.6585,summer,80.5,68.9,0.31,0.1
51959,2016-05-30,5,45.61331,-110.7897,spring,44.1,34.4,0.65,0.8
51994,2016-05-29,5,47.07405,-122.4428,spring,53.3,49.5,0.73,0.76
55144,2015-11-12,11,40.09169,-87.71541,fall,44.6,39.7,0.56,0.03
55224,1996-06-29,6,38.43189,-89.87113,summer,82.9,68.4,0.4,0.44
55225,1997-11-12,11,36.589,-93.3945,fall,35.4,33.7,1.0,0.43
55269,2016-06-07,6,43.41549,-72.33093,summer,64.2,54.6,0.61,0.1
55306,2016-08-02,8,36.9846,-80.3755,summer,74.4,69.3,0.71,0.99
55376,2003-12-15,12,36.37399,-92.27071,winter,47.1,39.1,0.41,0.72
55386,2016-08-16,8,41.02524,-89.45454,summer,76.7,69.2,0.47,0.44
55541,2016-09-06,9,44.48875,-83.88607,fall,78.9,69.1,0.24,0.17
55554,2016-09-06,9,38.18933,-80.2522,fall,68.8,58.0,0.35,0.18
55573,1976-06-15,6,43.55,-86.325,summer,68.4,62.4,0.59,0.62
55574,2016-09-11,9,29.23723,-83.00198,fall,83.1,75.2,0.26,0.32
55934,2017-01-20,1,39.4383,-89.86021,winter,49.5,45.7,0.96,0.77
55961,2016-11-16,11,39.22348,-74.69759,fall,53.5,39.7,0.34,0.58
56061,2016-12-03,12,33.81871,-85.10207,winter,47.7,36.1,0.47,0.13
56168,2017-01-20,1,38.66736,-89.87602,winter,52.1,48.4,0.83,0.77
56293,2015-09-11,9,42.07867,-73.38644,fall,65.4,61.1,0.67,0.95
56332,2017-01-08,1,47.73081,-117.159,winter,23.1,20.2,0.95,0.37
56576,2017-01-21,1,31.368,-92.422,winter,62.4,61.2,0.51,0.8
56586,2017-01-21,1,38.965,-82.905,winter,51.9,47.5,0.38,0.81
56798,2017-02-14,2,43.2045,-70.81187,winter,26.2,16.1,0.09,0.63
56800,2017-02-12,2,40.14003,-81.49033,winter,43.6,42.0,0.85,0.56
56826,2014-07-14,7,35.93985,-100.6767,summer,78.2,66.6,0.34,0.58
56932,2016-01-27,1,47.20113,-121.0161,winter,38.6,32.5,1.0,0.62
56937,2012-05-16,5,36.469,-91.154,spring,71.6,55.1,0.04,0.88
56957,2001-10-17,10,40.68514,-81.02382,fall,36.6,31.2,0.73,0.04
57248,2011-02-15,2,46.97822,-116.923,winter,34.3,33.3,0.99,0.42
57303,2000-05-18,5,38.33912,-89.35323,spring,68.2,63.4,0.53,0.52
57323,2012-11-07,11,45.66721,-118.7056,fall,42.4,36.7,0.32,0.78
57435,2001-03-16,3,36.94679,-94.71512,spring,35.4,32.0,0.75,0.76
57712,2015-10-30,10,32.31565,-95.48672,fall,64.0,57.9,0.69,0.62
57781,2017-02-25,2,47.82243,-124.195,winter,37.8,29.0,0.59,0.97
57880,2013-10-29,10,37.56937,-89.36241,fall,57.3,50.6,0.7,0.83
57884,2017-07-10,7,27.35273,-82.22301,summer,82.4,73.9,0.23,0.54
57935,2018-02-13,2,31.18523,-95.89323,winter,45.0,39.8,0.99,0.93
57991,2017-08-02,8,27.93991,-81.67247,summer,80.2,74.2,0.32,0.34
57998,2017-10-06,10,43.00972,-76.10047,fall,63.8,55.9,0.91,0.53
58004,1982-08-24,8,45.43806,-118.0883,summer,53.9,35.7,0.0,0.2
58092,2000-05-01,5,38.93704,-92.32704,spring,67.1,56.4,0.71,0.91
58458,2017-10-28,10,41.29247,-83.05098,fall,40.0,34.9,0.95,0.28
58702,2013-11-12,11,40.94825,-80.69776,fall,30.1,26.0,0.77,0.34
58819,2018-07-30,7,45.63061,-92.12408,summer,66.6,54.4,0.1,0.59
58855,2017-12-20,12,33.04,-97.18,winter,55.1,53.0,0.61,0.08
58937,2018-02-12,2,36.72415,-93.11722,winter,36.7,17.4,0.29,0.9
59073,2013-11-12,11,37.56937,-89.36241,fall,27.5,23.2,0.45,0.34
59078,2018-01-21,1,40.10975,-80.85938,winter,46.6,39.7,1.0,0.14
59102,2017-07-29,7,38.9695,-79.7625,summer,59.5,59.1,0.9,0.22
59279,2018-04-06,4,48.48157,-122.1845,spring,55.6,49.8,0.88,0.71
59307,2018-04-14,4,37.46041,-92.63587,spring,40.5,39.6,0.66,0.95
59343,2014-10-15,10,45.2704,-113.8186,fall,51.5,29.9,0.29,0.75
59414,2003-05-16,5,35.68081,-97.26022,spring,65.0,63.3,0.88,0.54
59421,2018-05-06,5,45.95919,-91.30911,spring,57.7,38.1,0.28,0.71
59520,2002-08-14,8,36.1655,-93.5515,summer,71.2,64.3,0.85,0.22
59590,2018-05-30,5,46.06728,-87.15701,spring,69.0,60.2,0.36,0.54
59607,2018-06-19,6,46.93335,-113.8334,summer,50.4,47.5,0.89,0.24
59650,2018-06-27,6,44.56203,-83.45052,summer,60.9,58.1,0.89,0.49
59659,2018-06-30,6,45.90015,-90.43416,summer,77.8,72.8,0.51,0.58
59736,2006-06-17,6,35.738,-90.1355,summer,77.7,68.8,0.37,0.72
59838,2018-08-07,8,43.55915,-73.34116,summer,78.6,69.2,0.31,0.86
59858,2017-08-15,8,29.27043,-81.69337,summer,82.1,76.1,0.23,0.79
60877,2018-08-23,8,39.4191,-105.7065,summer,51.2,34.0,0.28,0.42
60892,2018-08-04,8,41.42178,-72.85863,summer,74.6,72.5,0.71,0.75
61038,2018-09-30,9,47.2255,-121.805,fall,51.0,43.8,0.95,0.7
61107,2021-11-08,11,46.75905,-115.8545,fall,37.3,26.7,0.28,0.17
61108,2018-10-20,10,38.195,-82.868,fall,48.4,45.9,0.94,0.37
61150,2010-07-13,7,42.00356,-73.32587,summer,75.2,68.8,0.79,0.07
62354,2018-09-15,9,48.92982,-122.2018,fall,50.7,48.5,0.95,0.21
62403,2018-09-15,9,48.56245,-121.8588,fall,53.0,47.9,0.9,0.21
62405,1995-06-16,6,37.274,-94.93115,summer,75.8,65.6,0.29,0.63
62549,2020-02-16,2,40.30527,-80.93864,winter,32.5,26.0,0.5,0.79
62558,2019-07-25,7,46.92417,-92.83774,summer,72.2,59.2,0.15,0.78
62930,2003-07-11,7,39.1175,-93.4025,summer,77.0,62.3,0.31,0.44
62969,2019-06-12,6,47.98521,-113.9818,summer,64.8,47.0,0.0,0.35
63091,2019-07-09,7,45.63092,-90.02283,summer,76.0,61.4,0.24,0.27
63140,2020-02-06,2,40.16912,-80.62003,winter,34.7,34.8,1.0,0.42
63153,2019-07-25,7,39.41087,-106.1444,summer,49.7,43.3,0.77,0.78
63235,2019-06-20,6,39.7784,-74.54086,summer,77.2,72.7,0.78,0.62
63252,2016-12-24,12,35.6644,-81.78065,winter,55.1,40.3,0.76,0.87
63279,2013-07-23,7,42.06832,-78.7492,summer,68.1,64.6,0.8,0.55
63286,2000-06-10,6,35.325,-95.0585,summer,75.5,70.3,0.65,0.32
63451,2017-01-21,1,48.90147,-122.3347,winter,43.2,38.1,0.84,0.82
63492,2018-07-30,7,34.125,-98.105,summer,78.3,68.8,0.43,0.6
63569,2008-07-25,7,40.45815,-74.77675,summer,73.7,58.1,0.12,0.76
63645,2019-11-02,11,40.01142,-123.9122,fall,57.7,35.9,0.0,0.21
63665,2019-11-18,11,31.1659,-94.1679,fall,57.7,42.8,0.01,0.72
63731,2019-10-06,10,41.38622,-72.60558,fall,67.4,53.3,0.55,0.29
63795,1994-11-04,11,38.53062,-89.89167,fall,64.0,64.4,1.0,0.06
63863,2009-10-15,10,37.34592,-81.8074,fall,53.4,51.1,0.71,0.92
63900,2021-01-15,1,46.9805,-121.7464,winter,32.0,32.8,0.79,0.1
63981,2020-01-20,1,39.6279,-82.83647,winter,20.0,12.2,0.53,0.87
64024,2020-01-31,1,35.33783,-83.52992,winter,40.2,38.0,0.81,0.22
64064,2014-06-12,6,39.30023,-105.6723,summer,51.9,35.4,0.45,0.5
64096,2014-04-27,4,38.485,-92.225,spring,65.6,56.2,0.54,0.96
64180,2020-02-15,2,48.22407,-116.8768,winter,35.6,29.8,0.87,0.76
65276,2017-10-07,10,48.73665,-116.8596,fall,42.6,30.6,0.78,0.59
65284,2020-04-03,4,34.4415,-94.4325,spring,54.7,54.5,0.78,0.34
65295,2020-01-04,1,45.75957,-121.6267,winter,40.8,38.5,0.61,0.31
65305,2020-04-11,4,40.10084,-81.14331,spring,48.2,29.0,0.18,0.65
65366,2020-04-18,4,33.2,-96.17,spring,64.8,46.8,0.43,0.88
65369,2019-07-13,7,47.19253,-116.0776,summer,71.4,50.8,0.29,0.41
65388,2020-04-24,4,46.4125,-122.182,spring,44.8,39.4,0.78,0.06
65393,2020-04-12,4,39.42606,-84.10463,spring,59.2,45.4,0.72,0.69
65423,2019-10-15,10,37.29734,-79.85085,fall,62.3,42.5,0.16,0.57
65451,2016-10-01,10,47.0709,-124.166,fall,53.7,49.8,0.98,0.04
65464,2020-05-15,5,45.74796,-122.2389,spring,48.5,40.0,0.65,0.8
65469,2020-05-17,5,41.49887,-73.59659,spring,61.2,48.7,0.64,0.86
65536,2020-05-09,5,39.24841,-86.33011,spring,49.0,25.2,0.05,0.6
65538,2020-05-24,5,46.71444,-121.5406,spring,53.1,43.5,0.98,0.08
65588,2019-06-27,6,44.21694,-103.7742,summer,68.0,51.6,0.08,0.83
65589,2020-06-12,6,38.71342,-86.04386,summer,72.4,54.7,0.02,0.74
65641,2017-08-19,8,48.84984,-122.1455,summer,61.8,51.6,0.45,0.94
65650,2015-10-31,10,47.49488,-121.7555,fall,52.2,52.3,0.95,0.67
65654,2020-04-20,4,35.8823,-84.88694,spring,57.4,43.8,0.37,0.94
65664,2020-04-15,4,47.43904,-115.6545,spring,30.5,25.9,0.79,0.79
65667,2020-06-30,6,48.11949,-124.5989,summer,56.8,51.5,0.84,0.35
65677,2020-06-18,6,35.24749,-79.97967,summer,71.7,63.8,0.45,0.93
65679,2020-04-16,4,31.24305,-88.31126,spring,61.1,36.8,0.07,0.82
65691,2016-08-01,8,36.9897,-89.25555,summer,80.0,73.8,0.44,0.97
65734,1998-04-02,4,42.32359,-72.43863,spring,43.3,41.6,0.99,0.22
65795,2020-07-21,7,38.32304,-88.96978,summer,81.0,75.5,0.51,0.05
65807,1977-10-15,10,47.72142,-124.3985,fall,52.2,46.2,0.57,0.13
65808,2020-07-23,7,38.46156,-94.14297,summer,82.1,73.8,0.11,0.12
65849,2020-07-28,7,37.97761,-119.1291,summer,69.9,41.3,0.04,0.31
65867,2020-08-01,8,43.39116,-82.53918,summer,73.8,67.1,0.42,0.45
65870,2020-05-14,5,38.4125,-92.1855,spring,70.0,64.8,0.57,0.77
65880,2020-04-11,4,40.60946,-80.3293,spring,46.8,28.9,0.19,0.65
65924,2020-08-08,8,47.23444,-115.6292,summer,63.4,46.2,0.4,0.67
65943,2020-08-15,8,36.56304,-118.7729,summer,77.7,46.1,0.36,0.89
65970,2020-08-12,8,45.45024,-118.3243,summer,55.6,39.2,0.53,0.79
65996,2020-08-26,8,42.30283,-72.53766,summer,65.3,46.0,0.19,0.3
66003,2020-09-02,9,47.75026,-117.5152,fall,73.0,49.2,0.06,0.53
66063,2020-08-08,8,38.521,-94.188,summer,81.4,74.4,0.42,0.67
66109,2020-09-26,9,44.34113,-70.61507,fall,67.4,52.6,0.16,0.35
66120,2020-09-23,9,46.1725,-121.9305,fall,51.0,50.0,0.82,0.25
66158,2020-10-05,10,37.46392,-92.52242,fall,57.6,37.8,0.0,0.63
66182,2020-10-12,10,37.59461,-86.13757,fall,61.9,64.0,0.74,0.85
66198,2020-10-16,10,36.37919,-95.80589,fall,59.4,30.9,0.09,0.01
66224,2020-10-19,10,45.04943,-68.63222,fall,52.4,39.2,0.46,0.13
67192,2020-10-15,10,47.23455,-116.7369,fall,45.1,30.8,0.3,0.97
67199,2020-10-23,10,32.66908,-98.03284,fall,56.4,54.1,0.71,0.27
67219,2020-10-31,10,34.39092,-81.54448,fall,58.8,44.2,0.38,0.51
67232,2020-10-22,10,37.33226,-76.70926,fall,69.0,63.8,0.75,0.23
67239,2020-10-31,10,39.59607,-82.35291,fall,49.1,31.6,0.03,0.51
67335,2020-11-12,11,44.78159,-68.2283,fall,45.7,46.0,0.96,0.92
67380,2020-04-15,4,43.27402,-123.9834,spring,52.8,47.4,0.74,0.79
67381,2020-11-09,11,47.87965,-91.97748,fall,36.4,40.2,0.81,0.8
67401,2020-10-09,10,46.75473,-116.4292,fall,57.9,44.2,0.24,0.75
67407,2020-12-16,12,46.13657,-122.1692,winter,38.9,37.4,0.99,0.09
67412,2020-12-26,12,30.6098,-86.4945,winter,42.2,17.8,0.0,0.41
67423,2020-06-15,6,33.64341,-85.41961,summer,69.0,60.3,0.22,0.83
67451,2021-01-13,1,47.18806,-120.554,winter,27.5,23.7,0.6,0.04
67472,2020-08-20,8,47.89745,-122.8345,summer,69.7,61.7,0.58,0.08
67485,2021-01-09,1,37.75926,-79.5912,winter,35.4,21.1,0.16,0.89
67486,2021-01-09,1,42.38553,-88.35001,winter,28.2,22.7,0.78,0.89
67540,2014-04-15,4,35.25048,-79.86721,spring,51.7,57.9,0.87,0.52
67551,2020-05-01,5,38.71954,-106.2384,spring,49.1,19.9,0.06,0.3
67556,2021-01-23,1,40.03527,-123.7876,winter,47.8,39.5,0.18,0.35
67585,2020-12-15,12,47.74207,-117.5302,winter,35.8,32.2,0.99,0.06
67590,2021-01-28,1,30.68441,-86.55637,winter,44.6,34.2,0.07,0.51
67602,2021-01-30,1,45.69347,-87.74364,winter,27.5,16.1,0.95,0.58
67619,2020-10-17,10,48.57989,-117.5888,fall,40.3,32.3,0.66,0.05
67746,2020-10-26,10,34.0775,-94.4095,fall,51.6,50.8,0.99,0.36
67749,2019-11-18,11,36.0055,-81.08335,fall,42.1,42.2,0.98,0.72
67875,2020-02-15,2,39.63255,-82.26463,winter,36.2,10.2,0.36,0.75
68896,2020-10-15,10,42.67993,-77.29334,fall,61.0,47.0,0.63,0.97
68899,2018-12-15,12,33.37111,-84.508,winter,50.3,46.9,0.99,0.27
68932,2012-11-15,11,42.33473,-77.29253,fall,32.9,24.0,0.06,0.08
69015,2017-06-24,6,30.77532,-97.93719,summer,76.6,70.8,0.48,0.04
69049,2021-05-21,5,47.64581,-120.607,spring,53.3,41.7,0.52,0.33
69052,2019-12-20,12,32.5754,-81.78378,winter,52.0,20.9,0.23,0.82
69065,2021-04-24,4,40.8557,-82.26972,spring,52.9,38.0,0.63,0.42
69193,2021-05-17,5,37.56215,-97.85428,spring,68.3,60.6,0.77,0.19
69269,2021-05-30,5,35.53467,-83.17152,spring,51.9,44.3,0.61,0.67
69270,2021-05-31,5,47.79538,-120.6295,spring,67.9,52.7,0.36,0.71
69315,2021-06-06,6,41.0312,-123.669,summer,55.7,47.2,0.5,0.9
69316,2021-06-11,6,39.83804,-93.6515,summer,81.5,72.2,0.39,0.05
69321,2021-06-13,6,37.44508,-88.36589,summer,77.5,73.7,0.29,0.11
69323,2021-06-10,6,35.175,-109.25,summer,70.8,6.2,0.19,0.02
69394,2021-06-12,6,38.02372,-107.193,summer,59.5,9.2,0.12,0.08
69398,2021-07-06,7,40.01452,-81.34529,summer,80.4,72.1,0.2,0.91
69411,2021-06-09,6,40.81139,-82.26806,summer,72.3,69.3,0.73,0.99
69433,2019-07-15,7,35.53467,-83.17152,summer,67.5,63.6,0.51,0.47
69437,2020-07-20,7,36.90237,-106.5784,summer,67.5,47.1,0.11,0.01
69464,2016-06-15,6,35.2725,-82.65414,summer,75.1,68.6,0.57,0.36
69469,2021-07-17,7,40.91197,-80.70913,summer,67.8,68.2,0.95,0.27
69490,2021-07-24,7,40.36887,-80.81801,summer,77.9,65.1,0.47,0.53
69503,2021-07-26,7,37.17433,-82.39963,summer,76.5,72.9,0.61,0.61
69553,2021-08-27,8,47.21551,-120.9383,summer,55.8,49.0,0.33,0.69
69564,2021-08-12,8,40.33498,-77.85934,summer,83.8,73.6,0.28,0.16
69614,2021-08-27,8,47.52877,-122.7197,summer,60.2,56.2,0.68,0.69
69641,2021-06-12,6,35.22149,-87.39061,summer,79.1,74.8,0.58,0.08
70692,2008-05-12,5,38.10263,-81.8075,spring,49.8,47.4,1.0,0.28
70716,2016-08-15,8,40.92895,-80.07216,summer,74.1,71.0,0.64,0.42
70737,2021-10-15,10,47.34432,-120.9477,fall,45.0,40.6,0.89,0.36
71700,2021-03-15,3,33.0932,-79.8102,spring,61.0,49.4,0.67,0.08
71751,2021-06-18,6,40.61309,-82.31692,summer,74.9,64.4,0.66,0.28
71773,2021-10-22,10,47.97637,-117.7324,fall,47.2,47.2,0.97,0.58
71792,2021-10-30,10,35.14947,-81.60892,fall,55.3,50.4,0.77,0.82
71863,2021-10-29,10,43.71597,-115.3929,fall,45.0,38.8,0.5,0.79
71896,2021-11-21,11,30.31786,-87.64934,fall,67.1,60.1,0.45,0.58
71920,2021-11-27,11,40.06831,-90.15218,fall,39.8,33.2,0.41,0.77
71997,2019-05-28,5,41.23925,-81.62295,spring,71.4,65.0,0.82,0.82
